case,n,m,family,seed,configuration,macs,weight_density,kernel_words,kernel_sha256,input_words,cycles,cold,fetch,memory,wait,setup,scalar,retired,outputs
n1_m1_zero_s1729_software,1,1,zero,1729,software,1,0.0,86,5b167f0f9aa1545e7d7d2ba7ff293e2ddcc3297639ca19b61d9ab14afc840b5d,2,21,49,7,8,0,0,6,7,1
n1_m1_zero_s1729_iterative_staged,1,1,zero,1729,iterative_staged,1,0.0,6,b3ecdf4f3aaffbfef705553d6be649db1f370151bfc27ad8bdc80b97c60ea51f,2,32,60,6,6,13,3,4,6,1
n1_m1_zero_s1729_iterative_fused,1,1,zero,1729,iterative_fused,1,0.0,6,b3ecdf4f3aaffbfef705553d6be649db1f370151bfc27ad8bdc80b97c60ea51f,2,30,58,6,6,11,3,4,6,1
n1_m1_zero_s1729_parallel_fused,1,1,zero,1729,parallel_fused,1,0.0,6,b3ecdf4f3aaffbfef705553d6be649db1f370151bfc27ad8bdc80b97c60ea51f,2,22,50,6,6,3,3,4,6,1
n1_m1_sparse_s1729_software,1,1,sparse,1729,software,1,0.0,86,5b167f0f9aa1545e7d7d2ba7ff293e2ddcc3297639ca19b61d9ab14afc840b5d,2,21,49,7,8,0,0,6,7,1
n1_m1_sparse_s1729_iterative_staged,1,1,sparse,1729,iterative_staged,1,0.0,6,b3ecdf4f3aaffbfef705553d6be649db1f370151bfc27ad8bdc80b97c60ea51f,2,32,60,6,6,13,3,4,6,1
n1_m1_sparse_s1729_iterative_fused,1,1,sparse,1729,iterative_fused,1,0.0,6,b3ecdf4f3aaffbfef705553d6be649db1f370151bfc27ad8bdc80b97c60ea51f,2,30,58,6,6,11,3,4,6,1
n1_m1_sparse_s1729_parallel_fused,1,1,sparse,1729,parallel_fused,1,0.0,6,b3ecdf4f3aaffbfef705553d6be649db1f370151bfc27ad8bdc80b97c60ea51f,2,22,50,6,6,3,3,4,6,1
n1_m1_sparse_s1730_software,1,1,sparse,1730,software,1,0.0,86,5b167f0f9aa1545e7d7d2ba7ff293e2ddcc3297639ca19b61d9ab14afc840b5d,2,21,49,7,8,0,0,6,7,1
n1_m1_sparse_s1730_iterative_staged,1,1,sparse,1730,iterative_staged,1,0.0,6,b3ecdf4f3aaffbfef705553d6be649db1f370151bfc27ad8bdc80b97c60ea51f,2,32,60,6,6,13,3,4,6,1
n1_m1_sparse_s1730_iterative_fused,1,1,sparse,1730,iterative_fused,1,0.0,6,b3ecdf4f3aaffbfef705553d6be649db1f370151bfc27ad8bdc80b97c60ea51f,2,30,58,6,6,11,3,4,6,1
n1_m1_sparse_s1730_parallel_fused,1,1,sparse,1730,parallel_fused,1,0.0,6,b3ecdf4f3aaffbfef705553d6be649db1f370151bfc27ad8bdc80b97c60ea51f,2,22,50,6,6,3,3,4,6,1
n1_m1_sparse_s1731_software,1,1,sparse,1731,software,1,0.0,86,5b167f0f9aa1545e7d7d2ba7ff293e2ddcc3297639ca19b61d9ab14afc840b5d,2,21,49,7,8,0,0,6,7,1
n1_m1_sparse_s1731_iterative_staged,1,1,sparse,1731,iterative_staged,1,0.0,6,b3ecdf4f3aaffbfef705553d6be649db1f370151bfc27ad8bdc80b97c60ea51f,2,32,60,6,6,13,3,4,6,1
n1_m1_sparse_s1731_iterative_fused,1,1,sparse,1731,iterative_fused,1,0.0,6,b3ecdf4f3aaffbfef705553d6be649db1f370151bfc27ad8bdc80b97c60ea51f,2,30,58,6,6,11,3,4,6,1
n1_m1_sparse_s1731_parallel_fused,1,1,sparse,1731,parallel_fused,1,0.0,6,b3ecdf4f3aaffbfef705553d6be649db1f370151bfc27ad8bdc80b97c60ea51f,2,22,50,6,6,3,3,4,6,1
n1_m1_small_s1729_software,1,1,small,1729,software,1,1.0,86,5b167f0f9aa1545e7d7d2ba7ff293e2ddcc3297639ca19b61d9ab14afc840b5d,2,234,262,78,92,0,0,64,78,1
n1_m1_small_s1729_iterative_staged,1,1,small,1729,iterative_staged,1,1.0,6,b3ecdf4f3aaffbfef705553d6be649db1f370151bfc27ad8bdc80b97c60ea51f,2,32,60,6,6,13,3,4,6,1
n1_m1_small_s1729_iterative_fused,1,1,small,1729,iterative_fused,1,1.0,6,b3ecdf4f3aaffbfef705553d6be649db1f370151bfc27ad8bdc80b97c60ea51f,2,30,58,6,6,11,3,4,6,1
n1_m1_small_s1729_parallel_fused,1,1,small,1729,parallel_fused,1,1.0,6,b3ecdf4f3aaffbfef705553d6be649db1f370151bfc27ad8bdc80b97c60ea51f,2,22,50,6,6,3,3,4,6,1
n1_m1_small_s1730_software,1,1,small,1730,software,1,1.0,86,5b167f0f9aa1545e7d7d2ba7ff293e2ddcc3297639ca19b61d9ab14afc840b5d,2,234,262,78,92,0,0,64,78,1
n1_m1_small_s1730_iterative_staged,1,1,small,1730,iterative_staged,1,1.0,6,b3ecdf4f3aaffbfef705553d6be649db1f370151bfc27ad8bdc80b97c60ea51f,2,32,60,6,6,13,3,4,6,1
n1_m1_small_s1730_iterative_fused,1,1,small,1730,iterative_fused,1,1.0,6,b3ecdf4f3aaffbfef705553d6be649db1f370151bfc27ad8bdc80b97c60ea51f,2,30,58,6,6,11,3,4,6,1
n1_m1_small_s1730_parallel_fused,1,1,small,1730,parallel_fused,1,1.0,6,b3ecdf4f3aaffbfef705553d6be649db1f370151bfc27ad8bdc80b97c60ea51f,2,22,50,6,6,3,3,4,6,1
n1_m1_small_s1731_software,1,1,small,1731,software,1,1.0,86,5b167f0f9aa1545e7d7d2ba7ff293e2ddcc3297639ca19b61d9ab14afc840b5d,2,186,214,62,68,0,0,56,62,1
n1_m1_small_s1731_iterative_staged,1,1,small,1731,iterative_staged,1,1.0,6,b3ecdf4f3aaffbfef705553d6be649db1f370151bfc27ad8bdc80b97c60ea51f,2,32,60,6,6,13,3,4,6,1
n1_m1_small_s1731_iterative_fused,1,1,small,1731,iterative_fused,1,1.0,6,b3ecdf4f3aaffbfef705553d6be649db1f370151bfc27ad8bdc80b97c60ea51f,2,30,58,6,6,11,3,4,6,1
n1_m1_small_s1731_parallel_fused,1,1,small,1731,parallel_fused,1,1.0,6,b3ecdf4f3aaffbfef705553d6be649db1f370151bfc27ad8bdc80b97c60ea51f,2,22,50,6,6,3,3,4,6,1
n1_m1_full_s1729_software,1,1,full,1729,software,1,1.0,86,5b167f0f9aa1545e7d7d2ba7ff293e2ddcc3297639ca19b61d9ab14afc840b5d,2,234,262,78,92,0,0,64,78,1
n1_m1_full_s1729_iterative_staged,1,1,full,1729,iterative_staged,1,1.0,6,b3ecdf4f3aaffbfef705553d6be649db1f370151bfc27ad8bdc80b97c60ea51f,2,32,60,6,6,13,3,4,6,1
n1_m1_full_s1729_iterative_fused,1,1,full,1729,iterative_fused,1,1.0,6,b3ecdf4f3aaffbfef705553d6be649db1f370151bfc27ad8bdc80b97c60ea51f,2,30,58,6,6,11,3,4,6,1
n1_m1_full_s1729_parallel_fused,1,1,full,1729,parallel_fused,1,1.0,6,b3ecdf4f3aaffbfef705553d6be649db1f370151bfc27ad8bdc80b97c60ea51f,2,22,50,6,6,3,3,4,6,1
n1_m1_full_s1730_software,1,1,full,1730,software,1,1.0,86,5b167f0f9aa1545e7d7d2ba7ff293e2ddcc3297639ca19b61d9ab14afc840b5d,2,198,226,66,74,0,0,58,66,1
n1_m1_full_s1730_iterative_staged,1,1,full,1730,iterative_staged,1,1.0,6,b3ecdf4f3aaffbfef705553d6be649db1f370151bfc27ad8bdc80b97c60ea51f,2,32,60,6,6,13,3,4,6,1
n1_m1_full_s1730_iterative_fused,1,1,full,1730,iterative_fused,1,1.0,6,b3ecdf4f3aaffbfef705553d6be649db1f370151bfc27ad8bdc80b97c60ea51f,2,30,58,6,6,11,3,4,6,1
n1_m1_full_s1730_parallel_fused,1,1,full,1730,parallel_fused,1,1.0,6,b3ecdf4f3aaffbfef705553d6be649db1f370151bfc27ad8bdc80b97c60ea51f,2,22,50,6,6,3,3,4,6,1
n1_m1_full_s1731_software,1,1,full,1731,software,1,1.0,86,5b167f0f9aa1545e7d7d2ba7ff293e2ddcc3297639ca19b61d9ab14afc840b5d,2,246,274,82,98,0,0,66,82,1
n1_m1_full_s1731_iterative_staged,1,1,full,1731,iterative_staged,1,1.0,6,b3ecdf4f3aaffbfef705553d6be649db1f370151bfc27ad8bdc80b97c60ea51f,2,32,60,6,6,13,3,4,6,1
n1_m1_full_s1731_iterative_fused,1,1,full,1731,iterative_fused,1,1.0,6,b3ecdf4f3aaffbfef705553d6be649db1f370151bfc27ad8bdc80b97c60ea51f,2,30,58,6,6,11,3,4,6,1
n1_m1_full_s1731_parallel_fused,1,1,full,1731,parallel_fused,1,1.0,6,b3ecdf4f3aaffbfef705553d6be649db1f370151bfc27ad8bdc80b97c60ea51f,2,22,50,6,6,3,3,4,6,1
n1_m1_extrema_s1729_software,1,1,extrema,1729,software,1,1.0,86,5b167f0f9aa1545e7d7d2ba7ff293e2ddcc3297639ca19b61d9ab14afc840b5d,2,246,274,82,98,0,0,66,82,1
n1_m1_extrema_s1729_iterative_staged,1,1,extrema,1729,iterative_staged,1,1.0,6,b3ecdf4f3aaffbfef705553d6be649db1f370151bfc27ad8bdc80b97c60ea51f,2,32,60,6,6,13,3,4,6,1
n1_m1_extrema_s1729_iterative_fused,1,1,extrema,1729,iterative_fused,1,1.0,6,b3ecdf4f3aaffbfef705553d6be649db1f370151bfc27ad8bdc80b97c60ea51f,2,30,58,6,6,11,3,4,6,1
n1_m1_extrema_s1729_parallel_fused,1,1,extrema,1729,parallel_fused,1,1.0,6,b3ecdf4f3aaffbfef705553d6be649db1f370151bfc27ad8bdc80b97c60ea51f,2,22,50,6,6,3,3,4,6,1
n4_m1_zero_s1729_software,4,1,zero,1729,software,4,0.0,332,c1a216a61004d7966e4809f185a9b3a43a2a90015387e2c3a2aed82b21b065b4,8,48,148,16,14,0,0,18,16,1
n4_m1_zero_s1729_iterative_staged,4,1,zero,1729,iterative_staged,4,0.0,15,48ebab22fbdef3c787ccab7c841634f4099d44497f5740cd628d88f339d47943,8,98,198,15,18,52,3,10,15,1
n4_m1_zero_s1729_iterative_fused,4,1,zero,1729,iterative_fused,4,0.0,15,48ebab22fbdef3c787ccab7c841634f4099d44497f5740cd628d88f339d47943,8,90,190,15,18,44,3,10,15,1
n4_m1_zero_s1729_parallel_fused,4,1,zero,1729,parallel_fused,4,0.0,15,48ebab22fbdef3c787ccab7c841634f4099d44497f5740cd628d88f339d47943,8,58,158,15,18,12,3,10,15,1
n4_m1_sparse_s1729_software,4,1,sparse,1729,software,4,0.25,332,c1a216a61004d7966e4809f185a9b3a43a2a90015387e2c3a2aed82b21b065b4,8,249,349,83,92,0,0,74,83,1
n4_m1_sparse_s1729_iterative_staged,4,1,sparse,1729,iterative_staged,4,0.25,15,48ebab22fbdef3c787ccab7c841634f4099d44497f5740cd628d88f339d47943,8,98,198,15,18,52,3,10,15,1
n4_m1_sparse_s1729_iterative_fused,4,1,sparse,1729,iterative_fused,4,0.25,15,48ebab22fbdef3c787ccab7c841634f4099d44497f5740cd628d88f339d47943,8,90,190,15,18,44,3,10,15,1
n4_m1_sparse_s1729_parallel_fused,4,1,sparse,1729,parallel_fused,4,0.25,15,48ebab22fbdef3c787ccab7c841634f4099d44497f5740cd628d88f339d47943,8,58,158,15,18,12,3,10,15,1
n4_m1_sparse_s1730_software,4,1,sparse,1730,software,4,0.25,332,c1a216a61004d7966e4809f185a9b3a43a2a90015387e2c3a2aed82b21b065b4,8,249,349,83,92,0,0,74,83,1
n4_m1_sparse_s1730_iterative_staged,4,1,sparse,1730,iterative_staged,4,0.25,15,48ebab22fbdef3c787ccab7c841634f4099d44497f5740cd628d88f339d47943,8,98,198,15,18,52,3,10,15,1
n4_m1_sparse_s1730_iterative_fused,4,1,sparse,1730,iterative_fused,4,0.25,15,48ebab22fbdef3c787ccab7c841634f4099d44497f5740cd628d88f339d47943,8,90,190,15,18,44,3,10,15,1
n4_m1_sparse_s1730_parallel_fused,4,1,sparse,1730,parallel_fused,4,0.25,15,48ebab22fbdef3c787ccab7c841634f4099d44497f5740cd628d88f339d47943,8,58,158,15,18,12,3,10,15,1
n4_m1_sparse_s1731_software,4,1,sparse,1731,software,4,0.25,332,c1a216a61004d7966e4809f185a9b3a43a2a90015387e2c3a2aed82b21b065b4,8,225,325,75,80,0,0,70,75,1
n4_m1_sparse_s1731_iterative_staged,4,1,sparse,1731,iterative_staged,4,0.25,15,48ebab22fbdef3c787ccab7c841634f4099d44497f5740cd628d88f339d47943,8,98,198,15,18,52,3,10,15,1
n4_m1_sparse_s1731_iterative_fused,4,1,sparse,1731,iterative_fused,4,0.25,15,48ebab22fbdef3c787ccab7c841634f4099d44497f5740cd628d88f339d47943,8,90,190,15,18,44,3,10,15,1
n4_m1_sparse_s1731_parallel_fused,4,1,sparse,1731,parallel_fused,4,0.25,15,48ebab22fbdef3c787ccab7c841634f4099d44497f5740cd628d88f339d47943,8,58,158,15,18,12,3,10,15,1
n4_m1_small_s1729_software,4,1,small,1729,software,4,1.0,332,c1a216a61004d7966e4809f185a9b3a43a2a90015387e2c3a2aed82b21b065b4,8,888,988,296,344,0,0,248,296,1
n4_m1_small_s1729_iterative_staged,4,1,small,1729,iterative_staged,4,1.0,15,48ebab22fbdef3c787ccab7c841634f4099d44497f5740cd628d88f339d47943,8,98,198,15,18,52,3,10,15,1
n4_m1_small_s1729_iterative_fused,4,1,small,1729,iterative_fused,4,1.0,15,48ebab22fbdef3c787ccab7c841634f4099d44497f5740cd628d88f339d47943,8,90,190,15,18,44,3,10,15,1
n4_m1_small_s1729_parallel_fused,4,1,small,1729,parallel_fused,4,1.0,15,48ebab22fbdef3c787ccab7c841634f4099d44497f5740cd628d88f339d47943,8,58,158,15,18,12,3,10,15,1
n4_m1_small_s1730_software,4,1,small,1730,software,4,0.75,332,c1a216a61004d7966e4809f185a9b3a43a2a90015387e2c3a2aed82b21b065b4,8,687,787,229,266,0,0,192,229,1
n4_m1_small_s1730_iterative_staged,4,1,small,1730,iterative_staged,4,0.75,15,48ebab22fbdef3c787ccab7c841634f4099d44497f5740cd628d88f339d47943,8,98,198,15,18,52,3,10,15,1
n4_m1_small_s1730_iterative_fused,4,1,small,1730,iterative_fused,4,0.75,15,48ebab22fbdef3c787ccab7c841634f4099d44497f5740cd628d88f339d47943,8,90,190,15,18,44,3,10,15,1
n4_m1_small_s1730_parallel_fused,4,1,small,1730,parallel_fused,4,0.75,15,48ebab22fbdef3c787ccab7c841634f4099d44497f5740cd628d88f339d47943,8,58,158,15,18,12,3,10,15,1
n4_m1_small_s1731_software,4,1,small,1731,software,4,1.0,332,c1a216a61004d7966e4809f185a9b3a43a2a90015387e2c3a2aed82b21b065b4,8,828,928,276,314,0,0,238,276,1
n4_m1_small_s1731_iterative_staged,4,1,small,1731,iterative_staged,4,1.0,15,48ebab22fbdef3c787ccab7c841634f4099d44497f5740cd628d88f339d47943,8,98,198,15,18,52,3,10,15,1
n4_m1_small_s1731_iterative_fused,4,1,small,1731,iterative_fused,4,1.0,15,48ebab22fbdef3c787ccab7c841634f4099d44497f5740cd628d88f339d47943,8,90,190,15,18,44,3,10,15,1
n4_m1_small_s1731_parallel_fused,4,1,small,1731,parallel_fused,4,1.0,15,48ebab22fbdef3c787ccab7c841634f4099d44497f5740cd628d88f339d47943,8,58,158,15,18,12,3,10,15,1
n4_m1_full_s1729_software,4,1,full,1729,software,4,1.0,332,c1a216a61004d7966e4809f185a9b3a43a2a90015387e2c3a2aed82b21b065b4,8,804,904,268,302,0,0,234,268,1
n4_m1_full_s1729_iterative_staged,4,1,full,1729,iterative_staged,4,1.0,15,48ebab22fbdef3c787ccab7c841634f4099d44497f5740cd628d88f339d47943,8,98,198,15,18,52,3,10,15,1
n4_m1_full_s1729_iterative_fused,4,1,full,1729,iterative_fused,4,1.0,15,48ebab22fbdef3c787ccab7c841634f4099d44497f5740cd628d88f339d47943,8,90,190,15,18,44,3,10,15,1
n4_m1_full_s1729_parallel_fused,4,1,full,1729,parallel_fused,4,1.0,15,48ebab22fbdef3c787ccab7c841634f4099d44497f5740cd628d88f339d47943,8,58,158,15,18,12,3,10,15,1
n4_m1_full_s1730_software,4,1,full,1730,software,4,1.0,332,c1a216a61004d7966e4809f185a9b3a43a2a90015387e2c3a2aed82b21b065b4,8,804,904,268,302,0,0,234,268,1
n4_m1_full_s1730_iterative_staged,4,1,full,1730,iterative_staged,4,1.0,15,48ebab22fbdef3c787ccab7c841634f4099d44497f5740cd628d88f339d47943,8,98,198,15,18,52,3,10,15,1
n4_m1_full_s1730_iterative_fused,4,1,full,1730,iterative_fused,4,1.0,15,48ebab22fbdef3c787ccab7c841634f4099d44497f5740cd628d88f339d47943,8,90,190,15,18,44,3,10,15,1
n4_m1_full_s1730_parallel_fused,4,1,full,1730,parallel_fused,4,1.0,15,48ebab22fbdef3c787ccab7c841634f4099d44497f5740cd628d88f339d47943,8,58,158,15,18,12,3,10,15,1
n4_m1_full_s1731_software,4,1,full,1731,software,4,1.0,332,c1a216a61004d7966e4809f185a9b3a43a2a90015387e2c3a2aed82b21b065b4,8,792,892,264,296,0,0,232,264,1
n4_m1_full_s1731_iterative_staged,4,1,full,1731,iterative_staged,4,1.0,15,48ebab22fbdef3c787ccab7c841634f4099d44497f5740cd628d88f339d47943,8,98,198,15,18,52,3,10,15,1
n4_m1_full_s1731_iterative_fused,4,1,full,1731,iterative_fused,4,1.0,15,48ebab22fbdef3c787ccab7c841634f4099d44497f5740cd628d88f339d47943,8,90,190,15,18,44,3,10,15,1
n4_m1_full_s1731_parallel_fused,4,1,full,1731,parallel_fused,4,1.0,15,48ebab22fbdef3c787ccab7c841634f4099d44497f5740cd628d88f339d47943,8,58,158,15,18,12,3,10,15,1
n4_m1_extrema_s1729_software,4,1,extrema,1729,software,4,1.0,332,c1a216a61004d7966e4809f185a9b3a43a2a90015387e2c3a2aed82b21b065b4,8,804,904,268,302,0,0,234,268,1
n4_m1_extrema_s1729_iterative_staged,4,1,extrema,1729,iterative_staged,4,1.0,15,48ebab22fbdef3c787ccab7c841634f4099d44497f5740cd628d88f339d47943,8,98,198,15,18,52,3,10,15,1
n4_m1_extrema_s1729_iterative_fused,4,1,extrema,1729,iterative_fused,4,1.0,15,48ebab22fbdef3c787ccab7c841634f4099d44497f5740cd628d88f339d47943,8,90,190,15,18,44,3,10,15,1
n4_m1_extrema_s1729_parallel_fused,4,1,extrema,1729,parallel_fused,4,1.0,15,48ebab22fbdef3c787ccab7c841634f4099d44497f5740cd628d88f339d47943,8,58,158,15,18,12,3,10,15,1
n8_m1_zero_s1729_software,8,1,zero,1729,software,8,0.0,660,b48804a39d7da418dd4eda8a29611a4d722e288cc3c2306431cc7bf1abdb8c49,16,84,280,28,22,0,0,34,28,1
n8_m1_zero_s1729_iterative_staged,8,1,zero,1729,iterative_staged,8,0.0,27,b71a10634b13d50087f05861f9a30ed5625cb28e668380eb38cda0d33da30b70,16,186,382,27,34,104,3,18,27,1
n8_m1_zero_s1729_iterative_fused,8,1,zero,1729,iterative_fused,8,0.0,27,b71a10634b13d50087f05861f9a30ed5625cb28e668380eb38cda0d33da30b70,16,170,366,27,34,88,3,18,27,1
n8_m1_zero_s1729_parallel_fused,8,1,zero,1729,parallel_fused,8,0.0,27,b71a10634b13d50087f05861f9a30ed5625cb28e668380eb38cda0d33da30b70,16,106,302,27,34,24,3,18,27,1
n8_m1_sparse_s1729_software,8,1,sparse,1729,software,8,0.25,660,b48804a39d7da418dd4eda8a29611a4d722e288cc3c2306431cc7bf1abdb8c49,16,438,634,146,154,0,0,138,146,1
n8_m1_sparse_s1729_iterative_staged,8,1,sparse,1729,iterative_staged,8,0.25,27,b71a10634b13d50087f05861f9a30ed5625cb28e668380eb38cda0d33da30b70,16,186,382,27,34,104,3,18,27,1
n8_m1_sparse_s1729_iterative_fused,8,1,sparse,1729,iterative_fused,8,0.25,27,b71a10634b13d50087f05861f9a30ed5625cb28e668380eb38cda0d33da30b70,16,170,366,27,34,88,3,18,27,1
n8_m1_sparse_s1729_parallel_fused,8,1,sparse,1729,parallel_fused,8,0.25,27,b71a10634b13d50087f05861f9a30ed5625cb28e668380eb38cda0d33da30b70,16,106,302,27,34,24,3,18,27,1
n8_m1_sparse_s1730_software,8,1,sparse,1730,software,8,0.375,660,b48804a39d7da418dd4eda8a29611a4d722e288cc3c2306431cc7bf1abdb8c49,16,675,871,225,250,0,0,200,225,1
n8_m1_sparse_s1730_iterative_staged,8,1,sparse,1730,iterative_staged,8,0.375,27,b71a10634b13d50087f05861f9a30ed5625cb28e668380eb38cda0d33da30b70,16,186,382,27,34,104,3,18,27,1
n8_m1_sparse_s1730_iterative_fused,8,1,sparse,1730,iterative_fused,8,0.375,27,b71a10634b13d50087f05861f9a30ed5625cb28e668380eb38cda0d33da30b70,16,170,366,27,34,88,3,18,27,1
n8_m1_sparse_s1730_parallel_fused,8,1,sparse,1730,parallel_fused,8,0.375,27,b71a10634b13d50087f05861f9a30ed5625cb28e668380eb38cda0d33da30b70,16,106,302,27,34,24,3,18,27,1
n8_m1_sparse_s1731_software,8,1,sparse,1731,software,8,0.125,660,b48804a39d7da418dd4eda8a29611a4d722e288cc3c2306431cc7bf1abdb8c49,16,249,445,83,82,0,0,84,83,1
n8_m1_sparse_s1731_iterative_staged,8,1,sparse,1731,iterative_staged,8,0.125,27,b71a10634b13d50087f05861f9a30ed5625cb28e668380eb38cda0d33da30b70,16,186,382,27,34,104,3,18,27,1
n8_m1_sparse_s1731_iterative_fused,8,1,sparse,1731,iterative_fused,8,0.125,27,b71a10634b13d50087f05861f9a30ed5625cb28e668380eb38cda0d33da30b70,16,170,366,27,34,88,3,18,27,1
n8_m1_sparse_s1731_parallel_fused,8,1,sparse,1731,parallel_fused,8,0.125,27,b71a10634b13d50087f05861f9a30ed5625cb28e668380eb38cda0d33da30b70,16,106,302,27,34,24,3,18,27,1
n8_m1_small_s1729_software,8,1,small,1729,software,8,0.875,660,b48804a39d7da418dd4eda8a29611a4d722e288cc3c2306431cc7bf1abdb8c49,16,1575,1771,525,610,0,0,440,525,1
n8_m1_small_s1729_iterative_staged,8,1,small,1729,iterative_staged,8,0.875,27,b71a10634b13d50087f05861f9a30ed5625cb28e668380eb38cda0d33da30b70,16,186,382,27,34,104,3,18,27,1
n8_m1_small_s1729_iterative_fused,8,1,small,1729,iterative_fused,8,0.875,27,b71a10634b13d50087f05861f9a30ed5625cb28e668380eb38cda0d33da30b70,16,170,366,27,34,88,3,18,27,1
n8_m1_small_s1729_parallel_fused,8,1,small,1729,parallel_fused,8,0.875,27,b71a10634b13d50087f05861f9a30ed5625cb28e668380eb38cda0d33da30b70,16,106,302,27,34,24,3,18,27,1
n8_m1_small_s1730_software,8,1,small,1730,software,8,0.875,660,b48804a39d7da418dd4eda8a29611a4d722e288cc3c2306431cc7bf1abdb8c49,16,1431,1627,477,538,0,0,416,477,1
n8_m1_small_s1730_iterative_staged,8,1,small,1730,iterative_staged,8,0.875,27,b71a10634b13d50087f05861f9a30ed5625cb28e668380eb38cda0d33da30b70,16,186,382,27,34,104,3,18,27,1
n8_m1_small_s1730_iterative_fused,8,1,small,1730,iterative_fused,8,0.875,27,b71a10634b13d50087f05861f9a30ed5625cb28e668380eb38cda0d33da30b70,16,170,366,27,34,88,3,18,27,1
n8_m1_small_s1730_parallel_fused,8,1,small,1730,parallel_fused,8,0.875,27,b71a10634b13d50087f05861f9a30ed5625cb28e668380eb38cda0d33da30b70,16,106,302,27,34,24,3,18,27,1
n8_m1_small_s1731_software,8,1,small,1731,software,8,1.0,660,b48804a39d7da418dd4eda8a29611a4d722e288cc3c2306431cc7bf1abdb8c49,16,1680,1876,560,640,0,0,480,560,1
n8_m1_small_s1731_iterative_staged,8,1,small,1731,iterative_staged,8,1.0,27,b71a10634b13d50087f05861f9a30ed5625cb28e668380eb38cda0d33da30b70,16,186,382,27,34,104,3,18,27,1
n8_m1_small_s1731_iterative_fused,8,1,small,1731,iterative_fused,8,1.0,27,b71a10634b13d50087f05861f9a30ed5625cb28e668380eb38cda0d33da30b70,16,170,366,27,34,88,3,18,27,1
n8_m1_small_s1731_parallel_fused,8,1,small,1731,parallel_fused,8,1.0,27,b71a10634b13d50087f05861f9a30ed5625cb28e668380eb38cda0d33da30b70,16,106,302,27,34,24,3,18,27,1
n8_m1_full_s1729_software,8,1,full,1729,software,8,1.0,660,b48804a39d7da418dd4eda8a29611a4d722e288cc3c2306431cc7bf1abdb8c49,16,1560,1756,520,580,0,0,460,520,1
n8_m1_full_s1729_iterative_staged,8,1,full,1729,iterative_staged,8,1.0,27,b71a10634b13d50087f05861f9a30ed5625cb28e668380eb38cda0d33da30b70,16,186,382,27,34,104,3,18,27,1
n8_m1_full_s1729_iterative_fused,8,1,full,1729,iterative_fused,8,1.0,27,b71a10634b13d50087f05861f9a30ed5625cb28e668380eb38cda0d33da30b70,16,170,366,27,34,88,3,18,27,1
n8_m1_full_s1729_parallel_fused,8,1,full,1729,parallel_fused,8,1.0,27,b71a10634b13d50087f05861f9a30ed5625cb28e668380eb38cda0d33da30b70,16,106,302,27,34,24,3,18,27,1
n8_m1_full_s1730_software,8,1,full,1730,software,8,1.0,660,b48804a39d7da418dd4eda8a29611a4d722e288cc3c2306431cc7bf1abdb8c49,16,1596,1792,532,598,0,0,466,532,1
n8_m1_full_s1730_iterative_staged,8,1,full,1730,iterative_staged,8,1.0,27,b71a10634b13d50087f05861f9a30ed5625cb28e668380eb38cda0d33da30b70,16,186,382,27,34,104,3,18,27,1
n8_m1_full_s1730_iterative_fused,8,1,full,1730,iterative_fused,8,1.0,27,b71a10634b13d50087f05861f9a30ed5625cb28e668380eb38cda0d33da30b70,16,170,366,27,34,88,3,18,27,1
n8_m1_full_s1730_parallel_fused,8,1,full,1730,parallel_fused,8,1.0,27,b71a10634b13d50087f05861f9a30ed5625cb28e668380eb38cda0d33da30b70,16,106,302,27,34,24,3,18,27,1
n8_m1_full_s1731_software,8,1,full,1731,software,8,1.0,660,b48804a39d7da418dd4eda8a29611a4d722e288cc3c2306431cc7bf1abdb8c49,16,1536,1732,512,568,0,0,456,512,1
n8_m1_full_s1731_iterative_staged,8,1,full,1731,iterative_staged,8,1.0,27,b71a10634b13d50087f05861f9a30ed5625cb28e668380eb38cda0d33da30b70,16,186,382,27,34,104,3,18,27,1
n8_m1_full_s1731_iterative_fused,8,1,full,1731,iterative_fused,8,1.0,27,b71a10634b13d50087f05861f9a30ed5625cb28e668380eb38cda0d33da30b70,16,170,366,27,34,88,3,18,27,1
n8_m1_full_s1731_parallel_fused,8,1,full,1731,parallel_fused,8,1.0,27,b71a10634b13d50087f05861f9a30ed5625cb28e668380eb38cda0d33da30b70,16,106,302,27,34,24,3,18,27,1
n8_m1_extrema_s1729_software,8,1,extrema,1729,software,8,1.0,660,b48804a39d7da418dd4eda8a29611a4d722e288cc3c2306431cc7bf1abdb8c49,16,1596,1792,532,598,0,0,466,532,1
n8_m1_extrema_s1729_iterative_staged,8,1,extrema,1729,iterative_staged,8,1.0,27,b71a10634b13d50087f05861f9a30ed5625cb28e668380eb38cda0d33da30b70,16,186,382,27,34,104,3,18,27,1
n8_m1_extrema_s1729_iterative_fused,8,1,extrema,1729,iterative_fused,8,1.0,27,b71a10634b13d50087f05861f9a30ed5625cb28e668380eb38cda0d33da30b70,16,170,366,27,34,88,3,18,27,1
n8_m1_extrema_s1729_parallel_fused,8,1,extrema,1729,parallel_fused,8,1.0,27,b71a10634b13d50087f05861f9a30ed5625cb28e668380eb38cda0d33da30b70,16,106,302,27,34,24,3,18,27,1
n16_m1_zero_s1729_software,16,1,zero,1729,software,16,0.0,1316,a2a4bf478acd4979fcc1b5500048b58173302e28fcf0198665372bb8e8a6aea8,32,156,544,52,38,0,0,66,52,1
n16_m1_zero_s1729_iterative_staged,16,1,zero,1729,iterative_staged,16,0.0,51,5f4592c3e22d748848a17e5cb06dd38297c52c7a914972ebeed317ab6c778476,32,362,750,51,66,208,3,34,51,1
n16_m1_zero_s1729_iterative_fused,16,1,zero,1729,iterative_fused,16,0.0,51,5f4592c3e22d748848a17e5cb06dd38297c52c7a914972ebeed317ab6c778476,32,330,718,51,66,176,3,34,51,1
n16_m1_zero_s1729_parallel_fused,16,1,zero,1729,parallel_fused,16,0.0,51,5f4592c3e22d748848a17e5cb06dd38297c52c7a914972ebeed317ab6c778476,32,202,590,51,66,48,3,34,51,1
n16_m1_sparse_s1729_software,16,1,sparse,1729,software,16,0.125,1316,a2a4bf478acd4979fcc1b5500048b58173302e28fcf0198665372bb8e8a6aea8,32,546,934,182,188,0,0,176,182,1
n16_m1_sparse_s1729_iterative_staged,16,1,sparse,1729,iterative_staged,16,0.125,51,5f4592c3e22d748848a17e5cb06dd38297c52c7a914972ebeed317ab6c778476,32,362,750,51,66,208,3,34,51,1
n16_m1_sparse_s1729_iterative_fused,16,1,sparse,1729,iterative_fused,16,0.125,51,5f4592c3e22d748848a17e5cb06dd38297c52c7a914972ebeed317ab6c778476,32,330,718,51,66,176,3,34,51,1
n16_m1_sparse_s1729_parallel_fused,16,1,sparse,1729,parallel_fused,16,0.125,51,5f4592c3e22d748848a17e5cb06dd38297c52c7a914972ebeed317ab6c778476,32,202,590,51,66,48,3,34,51,1
n16_m1_sparse_s1730_software,16,1,sparse,1730,software,16,0.25,1316,a2a4bf478acd4979fcc1b5500048b58173302e28fcf0198665372bb8e8a6aea8,32,924,1312,308,332,0,0,284,308,1
n16_m1_sparse_s1730_iterative_staged,16,1,sparse,1730,iterative_staged,16,0.25,51,5f4592c3e22d748848a17e5cb06dd38297c52c7a914972ebeed317ab6c778476,32,362,750,51,66,208,3,34,51,1
n16_m1_sparse_s1730_iterative_fused,16,1,sparse,1730,iterative_fused,16,0.25,51,5f4592c3e22d748848a17e5cb06dd38297c52c7a914972ebeed317ab6c778476,32,330,718,51,66,176,3,34,51,1
n16_m1_sparse_s1730_parallel_fused,16,1,sparse,1730,parallel_fused,16,0.25,51,5f4592c3e22d748848a17e5cb06dd38297c52c7a914972ebeed317ab6c778476,32,202,590,51,66,48,3,34,51,1
n16_m1_sparse_s1731_software,16,1,sparse,1731,software,16,0.25,1316,a2a4bf478acd4979fcc1b5500048b58173302e28fcf0198665372bb8e8a6aea8,32,888,1276,296,314,0,0,278,296,1
n16_m1_sparse_s1731_iterative_staged,16,1,sparse,1731,iterative_staged,16,0.25,51,5f4592c3e22d748848a17e5cb06dd38297c52c7a914972ebeed317ab6c778476,32,362,750,51,66,208,3,34,51,1
n16_m1_sparse_s1731_iterative_fused,16,1,sparse,1731,iterative_fused,16,0.25,51,5f4592c3e22d748848a17e5cb06dd38297c52c7a914972ebeed317ab6c778476,32,330,718,51,66,176,3,34,51,1
n16_m1_sparse_s1731_parallel_fused,16,1,sparse,1731,parallel_fused,16,0.25,51,5f4592c3e22d748848a17e5cb06dd38297c52c7a914972ebeed317ab6c778476,32,202,590,51,66,48,3,34,51,1
n16_m1_small_s1729_software,16,1,small,1729,software,16,1.0,1316,a2a4bf478acd4979fcc1b5500048b58173302e28fcf0198665372bb8e8a6aea8,32,2988,3376,996,1094,0,0,898,996,1
n16_m1_small_s1729_iterative_staged,16,1,small,1729,iterative_staged,16,1.0,51,5f4592c3e22d748848a17e5cb06dd38297c52c7a914972ebeed317ab6c778476,32,362,750,51,66,208,3,34,51,1
n16_m1_small_s1729_iterative_fused,16,1,small,1729,iterative_fused,16,1.0,51,5f4592c3e22d748848a17e5cb06dd38297c52c7a914972ebeed317ab6c778476,32,330,718,51,66,176,3,34,51,1
n16_m1_small_s1729_parallel_fused,16,1,small,1729,parallel_fused,16,1.0,51,5f4592c3e22d748848a17e5cb06dd38297c52c7a914972ebeed317ab6c778476,32,202,590,51,66,48,3,34,51,1
n16_m1_small_s1730_software,16,1,small,1730,software,16,0.875,1316,a2a4bf478acd4979fcc1b5500048b58173302e28fcf0198665372bb8e8a6aea8,32,2754,3142,918,1022,0,0,814,918,1
n16_m1_small_s1730_iterative_staged,16,1,small,1730,iterative_staged,16,0.875,51,5f4592c3e22d748848a17e5cb06dd38297c52c7a914972ebeed317ab6c778476,32,362,750,51,66,208,3,34,51,1
n16_m1_small_s1730_iterative_fused,16,1,small,1730,iterative_fused,16,0.875,51,5f4592c3e22d748848a17e5cb06dd38297c52c7a914972ebeed317ab6c778476,32,330,718,51,66,176,3,34,51,1
n16_m1_small_s1730_parallel_fused,16,1,small,1730,parallel_fused,16,0.875,51,5f4592c3e22d748848a17e5cb06dd38297c52c7a914972ebeed317ab6c778476,32,202,590,51,66,48,3,34,51,1
n16_m1_small_s1731_software,16,1,small,1731,software,16,0.9375,1316,a2a4bf478acd4979fcc1b5500048b58173302e28fcf0198665372bb8e8a6aea8,32,3003,3391,1001,1124,0,0,878,1001,1
n16_m1_small_s1731_iterative_staged,16,1,small,1731,iterative_staged,16,0.9375,51,5f4592c3e22d748848a17e5cb06dd38297c52c7a914972ebeed317ab6c778476,32,362,750,51,66,208,3,34,51,1
n16_m1_small_s1731_iterative_fused,16,1,small,1731,iterative_fused,16,0.9375,51,5f4592c3e22d748848a17e5cb06dd38297c52c7a914972ebeed317ab6c778476,32,330,718,51,66,176,3,34,51,1
n16_m1_small_s1731_parallel_fused,16,1,small,1731,parallel_fused,16,0.9375,51,5f4592c3e22d748848a17e5cb06dd38297c52c7a914972ebeed317ab6c778476,32,202,590,51,66,48,3,34,51,1
n16_m1_full_s1729_software,16,1,full,1729,software,16,1.0,1316,a2a4bf478acd4979fcc1b5500048b58173302e28fcf0198665372bb8e8a6aea8,32,3096,3484,1032,1148,0,0,916,1032,1
n16_m1_full_s1729_iterative_staged,16,1,full,1729,iterative_staged,16,1.0,51,5f4592c3e22d748848a17e5cb06dd38297c52c7a914972ebeed317ab6c778476,32,362,750,51,66,208,3,34,51,1
n16_m1_full_s1729_iterative_fused,16,1,full,1729,iterative_fused,16,1.0,51,5f4592c3e22d748848a17e5cb06dd38297c52c7a914972ebeed317ab6c778476,32,330,718,51,66,176,3,34,51,1
n16_m1_full_s1729_parallel_fused,16,1,full,1729,parallel_fused,16,1.0,51,5f4592c3e22d748848a17e5cb06dd38297c52c7a914972ebeed317ab6c778476,32,202,590,51,66,48,3,34,51,1
n16_m1_full_s1730_software,16,1,full,1730,software,16,1.0,1316,a2a4bf478acd4979fcc1b5500048b58173302e28fcf0198665372bb8e8a6aea8,32,3180,3568,1060,1190,0,0,930,1060,1
n16_m1_full_s1730_iterative_staged,16,1,full,1730,iterative_staged,16,1.0,51,5f4592c3e22d748848a17e5cb06dd38297c52c7a914972ebeed317ab6c778476,32,362,750,51,66,208,3,34,51,1
n16_m1_full_s1730_iterative_fused,16,1,full,1730,iterative_fused,16,1.0,51,5f4592c3e22d748848a17e5cb06dd38297c52c7a914972ebeed317ab6c778476,32,330,718,51,66,176,3,34,51,1
n16_m1_full_s1730_parallel_fused,16,1,full,1730,parallel_fused,16,1.0,51,5f4592c3e22d748848a17e5cb06dd38297c52c7a914972ebeed317ab6c778476,32,202,590,51,66,48,3,34,51,1
n16_m1_full_s1731_software,16,1,full,1731,software,16,1.0,1316,a2a4bf478acd4979fcc1b5500048b58173302e28fcf0198665372bb8e8a6aea8,32,3312,3700,1104,1256,0,0,952,1104,1
n16_m1_full_s1731_iterative_staged,16,1,full,1731,iterative_staged,16,1.0,51,5f4592c3e22d748848a17e5cb06dd38297c52c7a914972ebeed317ab6c778476,32,362,750,51,66,208,3,34,51,1
n16_m1_full_s1731_iterative_fused,16,1,full,1731,iterative_fused,16,1.0,51,5f4592c3e22d748848a17e5cb06dd38297c52c7a914972ebeed317ab6c778476,32,330,718,51,66,176,3,34,51,1
n16_m1_full_s1731_parallel_fused,16,1,full,1731,parallel_fused,16,1.0,51,5f4592c3e22d748848a17e5cb06dd38297c52c7a914972ebeed317ab6c778476,32,202,590,51,66,48,3,34,51,1
n16_m1_extrema_s1729_software,16,1,extrema,1729,software,16,1.0,1316,a2a4bf478acd4979fcc1b5500048b58173302e28fcf0198665372bb8e8a6aea8,32,3180,3568,1060,1190,0,0,930,1060,1
n16_m1_extrema_s1729_iterative_staged,16,1,extrema,1729,iterative_staged,16,1.0,51,5f4592c3e22d748848a17e5cb06dd38297c52c7a914972ebeed317ab6c778476,32,362,750,51,66,208,3,34,51,1
n16_m1_extrema_s1729_iterative_fused,16,1,extrema,1729,iterative_fused,16,1.0,51,5f4592c3e22d748848a17e5cb06dd38297c52c7a914972ebeed317ab6c778476,32,330,718,51,66,176,3,34,51,1
n16_m1_extrema_s1729_parallel_fused,16,1,extrema,1729,parallel_fused,16,1.0,51,5f4592c3e22d748848a17e5cb06dd38297c52c7a914972ebeed317ab6c778476,32,202,590,51,66,48,3,34,51,1
n32_m1_zero_s1729_software,32,1,zero,1729,software,32,0.0,2628,488b0302c57ba108aed385e0144fcb055bafbf57359c4a2e2f74d3f5ef2e5c57,64,300,1072,100,70,0,0,130,100,1
n32_m1_zero_s1729_iterative_staged,32,1,zero,1729,iterative_staged,32,0.0,99,55f112ed62f1c3cc4ecd5884826f1ffd2510486e1312051323761d1b773516de,64,714,1486,99,130,416,3,66,99,1
n32_m1_zero_s1729_iterative_fused,32,1,zero,1729,iterative_fused,32,0.0,99,55f112ed62f1c3cc4ecd5884826f1ffd2510486e1312051323761d1b773516de,64,650,1422,99,130,352,3,66,99,1
n32_m1_zero_s1729_parallel_fused,32,1,zero,1729,parallel_fused,32,0.0,99,55f112ed62f1c3cc4ecd5884826f1ffd2510486e1312051323761d1b773516de,64,394,1166,99,130,96,3,66,99,1
n32_m1_sparse_s1729_software,32,1,sparse,1729,software,32,0.21875,2628,488b0302c57ba108aed385e0144fcb055bafbf57359c4a2e2f74d3f5ef2e5c57,64,1719,2491,573,622,0,0,524,573,1
n32_m1_sparse_s1729_iterative_staged,32,1,sparse,1729,iterative_staged,32,0.21875,99,55f112ed62f1c3cc4ecd5884826f1ffd2510486e1312051323761d1b773516de,64,714,1486,99,130,416,3,66,99,1
n32_m1_sparse_s1729_iterative_fused,32,1,sparse,1729,iterative_fused,32,0.21875,99,55f112ed62f1c3cc4ecd5884826f1ffd2510486e1312051323761d1b773516de,64,650,1422,99,130,352,3,66,99,1
n32_m1_sparse_s1729_parallel_fused,32,1,sparse,1729,parallel_fused,32,0.21875,99,55f112ed62f1c3cc4ecd5884826f1ffd2510486e1312051323761d1b773516de,64,394,1166,99,130,96,3,66,99,1
n32_m1_sparse_s1730_software,32,1,sparse,1730,software,32,0.21875,2628,488b0302c57ba108aed385e0144fcb055bafbf57359c4a2e2f74d3f5ef2e5c57,64,1563,2335,521,544,0,0,498,521,1
n32_m1_sparse_s1730_iterative_staged,32,1,sparse,1730,iterative_staged,32,0.21875,99,55f112ed62f1c3cc4ecd5884826f1ffd2510486e1312051323761d1b773516de,64,714,1486,99,130,416,3,66,99,1
n32_m1_sparse_s1730_iterative_fused,32,1,sparse,1730,iterative_fused,32,0.21875,99,55f112ed62f1c3cc4ecd5884826f1ffd2510486e1312051323761d1b773516de,64,650,1422,99,130,352,3,66,99,1
n32_m1_sparse_s1730_parallel_fused,32,1,sparse,1730,parallel_fused,32,0.21875,99,55f112ed62f1c3cc4ecd5884826f1ffd2510486e1312051323761d1b773516de,64,394,1166,99,130,96,3,66,99,1
n32_m1_sparse_s1731_software,32,1,sparse,1731,software,32,0.1875,2628,488b0302c57ba108aed385e0144fcb055bafbf57359c4a2e2f74d3f5ef2e5c57,64,1482,2254,494,526,0,0,462,494,1
n32_m1_sparse_s1731_iterative_staged,32,1,sparse,1731,iterative_staged,32,0.1875,99,55f112ed62f1c3cc4ecd5884826f1ffd2510486e1312051323761d1b773516de,64,714,1486,99,130,416,3,66,99,1
n32_m1_sparse_s1731_iterative_fused,32,1,sparse,1731,iterative_fused,32,0.1875,99,55f112ed62f1c3cc4ecd5884826f1ffd2510486e1312051323761d1b773516de,64,650,1422,99,130,352,3,66,99,1
n32_m1_sparse_s1731_parallel_fused,32,1,sparse,1731,parallel_fused,32,0.1875,99,55f112ed62f1c3cc4ecd5884826f1ffd2510486e1312051323761d1b773516de,64,394,1166,99,130,96,3,66,99,1
n32_m1_small_s1729_software,32,1,small,1729,software,32,0.90625,2628,488b0302c57ba108aed385e0144fcb055bafbf57359c4a2e2f74d3f5ef2e5c57,64,5721,6493,1907,2128,0,0,1686,1907,1
n32_m1_small_s1729_iterative_staged,32,1,small,1729,iterative_staged,32,0.90625,99,55f112ed62f1c3cc4ecd5884826f1ffd2510486e1312051323761d1b773516de,64,714,1486,99,130,416,3,66,99,1
n32_m1_small_s1729_iterative_fused,32,1,small,1729,iterative_fused,32,0.90625,99,55f112ed62f1c3cc4ecd5884826f1ffd2510486e1312051323761d1b773516de,64,650,1422,99,130,352,3,66,99,1
n32_m1_small_s1729_parallel_fused,32,1,small,1729,parallel_fused,32,0.90625,99,55f112ed62f1c3cc4ecd5884826f1ffd2510486e1312051323761d1b773516de,64,394,1166,99,130,96,3,66,99,1
n32_m1_small_s1730_software,32,1,small,1730,software,32,0.9375,2628,488b0302c57ba108aed385e0144fcb055bafbf57359c4a2e2f74d3f5ef2e5c57,64,6162,6934,2054,2326,0,0,1782,2054,1
n32_m1_small_s1730_iterative_staged,32,1,small,1730,iterative_staged,32,0.9375,99,55f112ed62f1c3cc4ecd5884826f1ffd2510486e1312051323761d1b773516de,64,714,1486,99,130,416,3,66,99,1
n32_m1_small_s1730_iterative_fused,32,1,small,1730,iterative_fused,32,0.9375,99,55f112ed62f1c3cc4ecd5884826f1ffd2510486e1312051323761d1b773516de,64,650,1422,99,130,352,3,66,99,1
n32_m1_small_s1730_parallel_fused,32,1,small,1730,parallel_fused,32,0.9375,99,55f112ed62f1c3cc4ecd5884826f1ffd2510486e1312051323761d1b773516de,64,394,1166,99,130,96,3,66,99,1
n32_m1_small_s1731_software,32,1,small,1731,software,32,0.9375,2628,488b0302c57ba108aed385e0144fcb055bafbf57359c4a2e2f74d3f5ef2e5c57,64,6042,6814,2014,2266,0,0,1762,2014,1
n32_m1_small_s1731_iterative_staged,32,1,small,1731,iterative_staged,32,0.9375,99,55f112ed62f1c3cc4ecd5884826f1ffd2510486e1312051323761d1b773516de,64,714,1486,99,130,416,3,66,99,1
n32_m1_small_s1731_iterative_fused,32,1,small,1731,iterative_fused,32,0.9375,99,55f112ed62f1c3cc4ecd5884826f1ffd2510486e1312051323761d1b773516de,64,650,1422,99,130,352,3,66,99,1
n32_m1_small_s1731_parallel_fused,32,1,small,1731,parallel_fused,32,0.9375,99,55f112ed62f1c3cc4ecd5884826f1ffd2510486e1312051323761d1b773516de,64,394,1166,99,130,96,3,66,99,1
n32_m1_full_s1729_software,32,1,full,1729,software,32,1.0,2628,488b0302c57ba108aed385e0144fcb055bafbf57359c4a2e2f74d3f5ef2e5c57,64,6432,7204,2144,2416,0,0,1872,2144,1
n32_m1_full_s1729_iterative_staged,32,1,full,1729,iterative_staged,32,1.0,99,55f112ed62f1c3cc4ecd5884826f1ffd2510486e1312051323761d1b773516de,64,714,1486,99,130,416,3,66,99,1
n32_m1_full_s1729_iterative_fused,32,1,full,1729,iterative_fused,32,1.0,99,55f112ed62f1c3cc4ecd5884826f1ffd2510486e1312051323761d1b773516de,64,650,1422,99,130,352,3,66,99,1
n32_m1_full_s1729_parallel_fused,32,1,full,1729,parallel_fused,32,1.0,99,55f112ed62f1c3cc4ecd5884826f1ffd2510486e1312051323761d1b773516de,64,394,1166,99,130,96,3,66,99,1
n32_m1_full_s1730_software,32,1,full,1730,software,32,1.0,2628,488b0302c57ba108aed385e0144fcb055bafbf57359c4a2e2f74d3f5ef2e5c57,64,6420,7192,2140,2410,0,0,1870,2140,1
n32_m1_full_s1730_iterative_staged,32,1,full,1730,iterative_staged,32,1.0,99,55f112ed62f1c3cc4ecd5884826f1ffd2510486e1312051323761d1b773516de,64,714,1486,99,130,416,3,66,99,1
n32_m1_full_s1730_iterative_fused,32,1,full,1730,iterative_fused,32,1.0,99,55f112ed62f1c3cc4ecd5884826f1ffd2510486e1312051323761d1b773516de,64,650,1422,99,130,352,3,66,99,1
n32_m1_full_s1730_parallel_fused,32,1,full,1730,parallel_fused,32,1.0,99,55f112ed62f1c3cc4ecd5884826f1ffd2510486e1312051323761d1b773516de,64,394,1166,99,130,96,3,66,99,1
n32_m1_full_s1731_software,32,1,full,1731,software,32,1.0,2628,488b0302c57ba108aed385e0144fcb055bafbf57359c4a2e2f74d3f5ef2e5c57,64,6480,7252,2160,2440,0,0,1880,2160,1
n32_m1_full_s1731_iterative_staged,32,1,full,1731,iterative_staged,32,1.0,99,55f112ed62f1c3cc4ecd5884826f1ffd2510486e1312051323761d1b773516de,64,714,1486,99,130,416,3,66,99,1
n32_m1_full_s1731_iterative_fused,32,1,full,1731,iterative_fused,32,1.0,99,55f112ed62f1c3cc4ecd5884826f1ffd2510486e1312051323761d1b773516de,64,650,1422,99,130,352,3,66,99,1
n32_m1_full_s1731_parallel_fused,32,1,full,1731,parallel_fused,32,1.0,99,55f112ed62f1c3cc4ecd5884826f1ffd2510486e1312051323761d1b773516de,64,394,1166,99,130,96,3,66,99,1
n32_m1_extrema_s1729_software,32,1,extrema,1729,software,32,1.0,2628,488b0302c57ba108aed385e0144fcb055bafbf57359c4a2e2f74d3f5ef2e5c57,64,6348,7120,2116,2374,0,0,1858,2116,1
n32_m1_extrema_s1729_iterative_staged,32,1,extrema,1729,iterative_staged,32,1.0,99,55f112ed62f1c3cc4ecd5884826f1ffd2510486e1312051323761d1b773516de,64,714,1486,99,130,416,3,66,99,1
n32_m1_extrema_s1729_iterative_fused,32,1,extrema,1729,iterative_fused,32,1.0,99,55f112ed62f1c3cc4ecd5884826f1ffd2510486e1312051323761d1b773516de,64,650,1422,99,130,352,3,66,99,1
n32_m1_extrema_s1729_parallel_fused,32,1,extrema,1729,parallel_fused,32,1.0,99,55f112ed62f1c3cc4ecd5884826f1ffd2510486e1312051323761d1b773516de,64,394,1166,99,130,96,3,66,99,1
n64_m1_zero_s1729_software,64,1,zero,1729,software,64,0.0,5252,6f573cce9b1f21d77cbd804364747b3a47228efc8f6e5775787b80da464d6ff3,128,588,2128,196,134,0,0,258,196,1
n64_m1_zero_s1729_iterative_staged,64,1,zero,1729,iterative_staged,64,0.0,195,30986fdf265f73afc774fc0eb606de4b949e170ff3852f6d9a485a6dfe120680,128,1418,2958,195,258,832,3,130,195,1
n64_m1_zero_s1729_iterative_fused,64,1,zero,1729,iterative_fused,64,0.0,195,30986fdf265f73afc774fc0eb606de4b949e170ff3852f6d9a485a6dfe120680,128,1290,2830,195,258,704,3,130,195,1
n64_m1_zero_s1729_parallel_fused,64,1,zero,1729,parallel_fused,64,0.0,195,30986fdf265f73afc774fc0eb606de4b949e170ff3852f6d9a485a6dfe120680,128,778,2318,195,258,192,3,130,195,1
n64_m1_sparse_s1729_software,64,1,sparse,1729,software,64,0.203125,5252,6f573cce9b1f21d77cbd804364747b3a47228efc8f6e5775787b80da464d6ff3,128,2937,4477,979,1016,0,0,942,979,1
n64_m1_sparse_s1729_iterative_staged,64,1,sparse,1729,iterative_staged,64,0.203125,195,30986fdf265f73afc774fc0eb606de4b949e170ff3852f6d9a485a6dfe120680,128,1418,2958,195,258,832,3,130,195,1
n64_m1_sparse_s1729_iterative_fused,64,1,sparse,1729,iterative_fused,64,0.203125,195,30986fdf265f73afc774fc0eb606de4b949e170ff3852f6d9a485a6dfe120680,128,1290,2830,195,258,704,3,130,195,1
n64_m1_sparse_s1729_parallel_fused,64,1,sparse,1729,parallel_fused,64,0.203125,195,30986fdf265f73afc774fc0eb606de4b949e170ff3852f6d9a485a6dfe120680,128,778,2318,195,258,192,3,130,195,1
n64_m1_sparse_s1730_software,64,1,sparse,1730,software,64,0.125,5252,6f573cce9b1f21d77cbd804364747b3a47228efc8f6e5775787b80da464d6ff3,128,2052,3592,684,686,0,0,682,684,1
n64_m1_sparse_s1730_iterative_staged,64,1,sparse,1730,iterative_staged,64,0.125,195,30986fdf265f73afc774fc0eb606de4b949e170ff3852f6d9a485a6dfe120680,128,1418,2958,195,258,832,3,130,195,1
n64_m1_sparse_s1730_iterative_fused,64,1,sparse,1730,iterative_fused,64,0.125,195,30986fdf265f73afc774fc0eb606de4b949e170ff3852f6d9a485a6dfe120680,128,1290,2830,195,258,704,3,130,195,1
n64_m1_sparse_s1730_parallel_fused,64,1,sparse,1730,parallel_fused,64,0.125,195,30986fdf265f73afc774fc0eb606de4b949e170ff3852f6d9a485a6dfe120680,128,778,2318,195,258,192,3,130,195,1
n64_m1_sparse_s1731_software,64,1,sparse,1731,software,64,0.15625,5252,6f573cce9b1f21d77cbd804364747b3a47228efc8f6e5775787b80da464d6ff3,128,2526,4066,842,878,0,0,806,842,1
n64_m1_sparse_s1731_iterative_staged,64,1,sparse,1731,iterative_staged,64,0.15625,195,30986fdf265f73afc774fc0eb606de4b949e170ff3852f6d9a485a6dfe120680,128,1418,2958,195,258,832,3,130,195,1
n64_m1_sparse_s1731_iterative_fused,64,1,sparse,1731,iterative_fused,64,0.15625,195,30986fdf265f73afc774fc0eb606de4b949e170ff3852f6d9a485a6dfe120680,128,1290,2830,195,258,704,3,130,195,1
n64_m1_sparse_s1731_parallel_fused,64,1,sparse,1731,parallel_fused,64,0.15625,195,30986fdf265f73afc774fc0eb606de4b949e170ff3852f6d9a485a6dfe120680,128,778,2318,195,258,192,3,130,195,1
n64_m1_small_s1729_software,64,1,small,1729,software,64,0.90625,5252,6f573cce9b1f21d77cbd804364747b3a47228efc8f6e5775787b80da464d6ff3,128,11598,13138,3866,4334,0,0,3398,3866,1
n64_m1_small_s1729_iterative_staged,64,1,small,1729,iterative_staged,64,0.90625,195,30986fdf265f73afc774fc0eb606de4b949e170ff3852f6d9a485a6dfe120680,128,1418,2958,195,258,832,3,130,195,1
n64_m1_small_s1729_iterative_fused,64,1,small,1729,iterative_fused,64,0.90625,195,30986fdf265f73afc774fc0eb606de4b949e170ff3852f6d9a485a6dfe120680,128,1290,2830,195,258,704,3,130,195,1
n64_m1_small_s1729_parallel_fused,64,1,small,1729,parallel_fused,64,0.90625,195,30986fdf265f73afc774fc0eb606de4b949e170ff3852f6d9a485a6dfe120680,128,778,2318,195,258,192,3,130,195,1
n64_m1_small_s1730_software,64,1,small,1730,software,64,0.953125,5252,6f573cce9b1f21d77cbd804364747b3a47228efc8f6e5775787b80da464d6ff3,128,12417,13957,4139,4676,0,0,3602,4139,1
n64_m1_small_s1730_iterative_staged,64,1,small,1730,iterative_staged,64,0.953125,195,30986fdf265f73afc774fc0eb606de4b949e170ff3852f6d9a485a6dfe120680,128,1418,2958,195,258,832,3,130,195,1
n64_m1_small_s1730_iterative_fused,64,1,small,1730,iterative_fused,64,0.953125,195,30986fdf265f73afc774fc0eb606de4b949e170ff3852f6d9a485a6dfe120680,128,1290,2830,195,258,704,3,130,195,1
n64_m1_small_s1730_parallel_fused,64,1,small,1730,parallel_fused,64,0.953125,195,30986fdf265f73afc774fc0eb606de4b949e170ff3852f6d9a485a6dfe120680,128,778,2318,195,258,192,3,130,195,1
n64_m1_small_s1731_software,64,1,small,1731,software,64,0.953125,5252,6f573cce9b1f21d77cbd804364747b3a47228efc8f6e5775787b80da464d6ff3,128,12309,13849,4103,4622,0,0,3584,4103,1
n64_m1_small_s1731_iterative_staged,64,1,small,1731,iterative_staged,64,0.953125,195,30986fdf265f73afc774fc0eb606de4b949e170ff3852f6d9a485a6dfe120680,128,1418,2958,195,258,832,3,130,195,1
n64_m1_small_s1731_iterative_fused,64,1,small,1731,iterative_fused,64,0.953125,195,30986fdf265f73afc774fc0eb606de4b949e170ff3852f6d9a485a6dfe120680,128,1290,2830,195,258,704,3,130,195,1
n64_m1_small_s1731_parallel_fused,64,1,small,1731,parallel_fused,64,0.953125,195,30986fdf265f73afc774fc0eb606de4b949e170ff3852f6d9a485a6dfe120680,128,778,2318,195,258,192,3,130,195,1
n64_m1_full_s1729_software,64,1,full,1729,software,64,1.0,5252,6f573cce9b1f21d77cbd804364747b3a47228efc8f6e5775787b80da464d6ff3,128,12528,14068,4176,4664,0,0,3688,4176,1
n64_m1_full_s1729_iterative_staged,64,1,full,1729,iterative_staged,64,1.0,195,30986fdf265f73afc774fc0eb606de4b949e170ff3852f6d9a485a6dfe120680,128,1418,2958,195,258,832,3,130,195,1
n64_m1_full_s1729_iterative_fused,64,1,full,1729,iterative_fused,64,1.0,195,30986fdf265f73afc774fc0eb606de4b949e170ff3852f6d9a485a6dfe120680,128,1290,2830,195,258,704,3,130,195,1
n64_m1_full_s1729_parallel_fused,64,1,full,1729,parallel_fused,64,1.0,195,30986fdf265f73afc774fc0eb606de4b949e170ff3852f6d9a485a6dfe120680,128,778,2318,195,258,192,3,130,195,1
n64_m1_full_s1730_software,64,1,full,1730,software,64,1.0,5252,6f573cce9b1f21d77cbd804364747b3a47228efc8f6e5775787b80da464d6ff3,128,12648,14188,4216,4724,0,0,3708,4216,1
n64_m1_full_s1730_iterative_staged,64,1,full,1730,iterative_staged,64,1.0,195,30986fdf265f73afc774fc0eb606de4b949e170ff3852f6d9a485a6dfe120680,128,1418,2958,195,258,832,3,130,195,1
n64_m1_full_s1730_iterative_fused,64,1,full,1730,iterative_fused,64,1.0,195,30986fdf265f73afc774fc0eb606de4b949e170ff3852f6d9a485a6dfe120680,128,1290,2830,195,258,704,3,130,195,1
n64_m1_full_s1730_parallel_fused,64,1,full,1730,parallel_fused,64,1.0,195,30986fdf265f73afc774fc0eb606de4b949e170ff3852f6d9a485a6dfe120680,128,778,2318,195,258,192,3,130,195,1
n64_m1_full_s1731_software,64,1,full,1731,software,64,1.0,5252,6f573cce9b1f21d77cbd804364747b3a47228efc8f6e5775787b80da464d6ff3,128,12900,14440,4300,4850,0,0,3750,4300,1
n64_m1_full_s1731_iterative_staged,64,1,full,1731,iterative_staged,64,1.0,195,30986fdf265f73afc774fc0eb606de4b949e170ff3852f6d9a485a6dfe120680,128,1418,2958,195,258,832,3,130,195,1
n64_m1_full_s1731_iterative_fused,64,1,full,1731,iterative_fused,64,1.0,195,30986fdf265f73afc774fc0eb606de4b949e170ff3852f6d9a485a6dfe120680,128,1290,2830,195,258,704,3,130,195,1
n64_m1_full_s1731_parallel_fused,64,1,full,1731,parallel_fused,64,1.0,195,30986fdf265f73afc774fc0eb606de4b949e170ff3852f6d9a485a6dfe120680,128,778,2318,195,258,192,3,130,195,1
n64_m1_extrema_s1729_software,64,1,extrema,1729,software,64,1.0,5252,6f573cce9b1f21d77cbd804364747b3a47228efc8f6e5775787b80da464d6ff3,128,12684,14224,4228,4742,0,0,3714,4228,1
n64_m1_extrema_s1729_iterative_staged,64,1,extrema,1729,iterative_staged,64,1.0,195,30986fdf265f73afc774fc0eb606de4b949e170ff3852f6d9a485a6dfe120680,128,1418,2958,195,258,832,3,130,195,1
n64_m1_extrema_s1729_iterative_fused,64,1,extrema,1729,iterative_fused,64,1.0,195,30986fdf265f73afc774fc0eb606de4b949e170ff3852f6d9a485a6dfe120680,128,1290,2830,195,258,704,3,130,195,1
n64_m1_extrema_s1729_parallel_fused,64,1,extrema,1729,parallel_fused,64,1.0,195,30986fdf265f73afc774fc0eb606de4b949e170ff3852f6d9a485a6dfe120680,128,778,2318,195,258,192,3,130,195,1
n96_m1_zero_s1729_software,96,1,zero,1729,software,96,0.0,7876,856699b7e2ab7ba5e7a3cf03d6de2edfa239f5768ba548da4e7d108a4dfc34fb,192,876,3184,292,198,0,0,386,292,1
n96_m1_zero_s1729_iterative_staged,96,1,zero,1729,iterative_staged,96,0.0,291,c10c1ac1b710e3f8684c646702556b95e555a1d8f91a611de578f4219094fe47,192,2122,4430,291,386,1248,3,194,291,1
n96_m1_zero_s1729_iterative_fused,96,1,zero,1729,iterative_fused,96,0.0,291,c10c1ac1b710e3f8684c646702556b95e555a1d8f91a611de578f4219094fe47,192,1930,4238,291,386,1056,3,194,291,1
n96_m1_zero_s1729_parallel_fused,96,1,zero,1729,parallel_fused,96,0.0,291,c10c1ac1b710e3f8684c646702556b95e555a1d8f91a611de578f4219094fe47,192,1162,3470,291,386,288,3,194,291,1
n96_m1_sparse_s1729_software,96,1,sparse,1729,software,96,0.15625,7876,856699b7e2ab7ba5e7a3cf03d6de2edfa239f5768ba548da4e7d108a4dfc34fb,192,3699,6007,1233,1272,0,0,1194,1233,1
n96_m1_sparse_s1729_iterative_staged,96,1,sparse,1729,iterative_staged,96,0.15625,291,c10c1ac1b710e3f8684c646702556b95e555a1d8f91a611de578f4219094fe47,192,2122,4430,291,386,1248,3,194,291,1
n96_m1_sparse_s1729_iterative_fused,96,1,sparse,1729,iterative_fused,96,0.15625,291,c10c1ac1b710e3f8684c646702556b95e555a1d8f91a611de578f4219094fe47,192,1930,4238,291,386,1056,3,194,291,1
n96_m1_sparse_s1729_parallel_fused,96,1,sparse,1729,parallel_fused,96,0.15625,291,c10c1ac1b710e3f8684c646702556b95e555a1d8f91a611de578f4219094fe47,192,1162,3470,291,386,288,3,194,291,1
n96_m1_sparse_s1730_software,96,1,sparse,1730,software,96,0.22916666666666666,7876,856699b7e2ab7ba5e7a3cf03d6de2edfa239f5768ba548da4e7d108a4dfc34fb,192,5130,7438,1710,1830,0,0,1590,1710,1
n96_m1_sparse_s1730_iterative_staged,96,1,sparse,1730,iterative_staged,96,0.22916666666666666,291,c10c1ac1b710e3f8684c646702556b95e555a1d8f91a611de578f4219094fe47,192,2122,4430,291,386,1248,3,194,291,1
n96_m1_sparse_s1730_iterative_fused,96,1,sparse,1730,iterative_fused,96,0.22916666666666666,291,c10c1ac1b710e3f8684c646702556b95e555a1d8f91a611de578f4219094fe47,192,1930,4238,291,386,1056,3,194,291,1
n96_m1_sparse_s1730_parallel_fused,96,1,sparse,1730,parallel_fused,96,0.22916666666666666,291,c10c1ac1b710e3f8684c646702556b95e555a1d8f91a611de578f4219094fe47,192,1162,3470,291,386,288,3,194,291,1
n96_m1_sparse_s1731_software,96,1,sparse,1731,software,96,0.19791666666666666,7876,856699b7e2ab7ba5e7a3cf03d6de2edfa239f5768ba548da4e7d108a4dfc34fb,192,4431,6739,1477,1548,0,0,1406,1477,1
n96_m1_sparse_s1731_iterative_staged,96,1,sparse,1731,iterative_staged,96,0.19791666666666666,291,c10c1ac1b710e3f8684c646702556b95e555a1d8f91a611de578f4219094fe47,192,2122,4430,291,386,1248,3,194,291,1
n96_m1_sparse_s1731_iterative_fused,96,1,sparse,1731,iterative_fused,96,0.19791666666666666,291,c10c1ac1b710e3f8684c646702556b95e555a1d8f91a611de578f4219094fe47,192,1930,4238,291,386,1056,3,194,291,1
n96_m1_sparse_s1731_parallel_fused,96,1,sparse,1731,parallel_fused,96,0.19791666666666666,291,c10c1ac1b710e3f8684c646702556b95e555a1d8f91a611de578f4219094fe47,192,1162,3470,291,386,288,3,194,291,1
n96_m1_small_s1729_software,96,1,small,1729,software,96,0.9270833333333334,7876,856699b7e2ab7ba5e7a3cf03d6de2edfa239f5768ba548da4e7d108a4dfc34fb,192,18225,20533,6075,6870,0,0,5280,6075,1
n96_m1_small_s1729_iterative_staged,96,1,small,1729,iterative_staged,96,0.9270833333333334,291,c10c1ac1b710e3f8684c646702556b95e555a1d8f91a611de578f4219094fe47,192,2122,4430,291,386,1248,3,194,291,1
n96_m1_small_s1729_iterative_fused,96,1,small,1729,iterative_fused,96,0.9270833333333334,291,c10c1ac1b710e3f8684c646702556b95e555a1d8f91a611de578f4219094fe47,192,1930,4238,291,386,1056,3,194,291,1
n96_m1_small_s1729_parallel_fused,96,1,small,1729,parallel_fused,96,0.9270833333333334,291,c10c1ac1b710e3f8684c646702556b95e555a1d8f91a611de578f4219094fe47,192,1162,3470,291,386,288,3,194,291,1
n96_m1_small_s1730_software,96,1,small,1730,software,96,0.9166666666666666,7876,856699b7e2ab7ba5e7a3cf03d6de2edfa239f5768ba548da4e7d108a4dfc34fb,192,17772,20080,5924,6666,0,0,5182,5924,1
n96_m1_small_s1730_iterative_staged,96,1,small,1730,iterative_staged,96,0.9166666666666666,291,c10c1ac1b710e3f8684c646702556b95e555a1d8f91a611de578f4219094fe47,192,2122,4430,291,386,1248,3,194,291,1
n96_m1_small_s1730_iterative_fused,96,1,small,1730,iterative_fused,96,0.9166666666666666,291,c10c1ac1b710e3f8684c646702556b95e555a1d8f91a611de578f4219094fe47,192,1930,4238,291,386,1056,3,194,291,1
n96_m1_small_s1730_parallel_fused,96,1,small,1730,parallel_fused,96,0.9166666666666666,291,c10c1ac1b710e3f8684c646702556b95e555a1d8f91a611de578f4219094fe47,192,1162,3470,291,386,288,3,194,291,1
n96_m1_small_s1731_software,96,1,small,1731,software,96,0.90625,7876,856699b7e2ab7ba5e7a3cf03d6de2edfa239f5768ba548da4e7d108a4dfc34fb,192,17739,20047,5913,6672,0,0,5154,5913,1
n96_m1_small_s1731_iterative_staged,96,1,small,1731,iterative_staged,96,0.90625,291,c10c1ac1b710e3f8684c646702556b95e555a1d8f91a611de578f4219094fe47,192,2122,4430,291,386,1248,3,194,291,1
n96_m1_small_s1731_iterative_fused,96,1,small,1731,iterative_fused,96,0.90625,291,c10c1ac1b710e3f8684c646702556b95e555a1d8f91a611de578f4219094fe47,192,1930,4238,291,386,1056,3,194,291,1
n96_m1_small_s1731_parallel_fused,96,1,small,1731,parallel_fused,96,0.90625,291,c10c1ac1b710e3f8684c646702556b95e555a1d8f91a611de578f4219094fe47,192,1162,3470,291,386,288,3,194,291,1
n96_m1_full_s1729_software,96,1,full,1729,software,96,0.9895833333333334,7876,856699b7e2ab7ba5e7a3cf03d6de2edfa239f5768ba548da4e7d108a4dfc34fb,192,18891,21199,6297,7068,0,0,5526,6297,1
n96_m1_full_s1729_iterative_staged,96,1,full,1729,iterative_staged,96,0.9895833333333334,291,c10c1ac1b710e3f8684c646702556b95e555a1d8f91a611de578f4219094fe47,192,2122,4430,291,386,1248,3,194,291,1
n96_m1_full_s1729_iterative_fused,96,1,full,1729,iterative_fused,96,0.9895833333333334,291,c10c1ac1b710e3f8684c646702556b95e555a1d8f91a611de578f4219094fe47,192,1930,4238,291,386,1056,3,194,291,1
n96_m1_full_s1729_parallel_fused,96,1,full,1729,parallel_fused,96,0.9895833333333334,291,c10c1ac1b710e3f8684c646702556b95e555a1d8f91a611de578f4219094fe47,192,1162,3470,291,386,288,3,194,291,1
n96_m1_full_s1730_software,96,1,full,1730,software,96,1.0,7876,856699b7e2ab7ba5e7a3cf03d6de2edfa239f5768ba548da4e7d108a4dfc34fb,192,19116,21424,6372,7158,0,0,5586,6372,1
n96_m1_full_s1730_iterative_staged,96,1,full,1730,iterative_staged,96,1.0,291,c10c1ac1b710e3f8684c646702556b95e555a1d8f91a611de578f4219094fe47,192,2122,4430,291,386,1248,3,194,291,1
n96_m1_full_s1730_iterative_fused,96,1,full,1730,iterative_fused,96,1.0,291,c10c1ac1b710e3f8684c646702556b95e555a1d8f91a611de578f4219094fe47,192,1930,4238,291,386,1056,3,194,291,1
n96_m1_full_s1730_parallel_fused,96,1,full,1730,parallel_fused,96,1.0,291,c10c1ac1b710e3f8684c646702556b95e555a1d8f91a611de578f4219094fe47,192,1162,3470,291,386,288,3,194,291,1
n96_m1_full_s1731_software,96,1,full,1731,software,96,1.0,7876,856699b7e2ab7ba5e7a3cf03d6de2edfa239f5768ba548da4e7d108a4dfc34fb,192,18960,21268,6320,7080,0,0,5560,6320,1
n96_m1_full_s1731_iterative_staged,96,1,full,1731,iterative_staged,96,1.0,291,c10c1ac1b710e3f8684c646702556b95e555a1d8f91a611de578f4219094fe47,192,2122,4430,291,386,1248,3,194,291,1
n96_m1_full_s1731_iterative_fused,96,1,full,1731,iterative_fused,96,1.0,291,c10c1ac1b710e3f8684c646702556b95e555a1d8f91a611de578f4219094fe47,192,1930,4238,291,386,1056,3,194,291,1
n96_m1_full_s1731_parallel_fused,96,1,full,1731,parallel_fused,96,1.0,291,c10c1ac1b710e3f8684c646702556b95e555a1d8f91a611de578f4219094fe47,192,1162,3470,291,386,288,3,194,291,1
n96_m1_extrema_s1729_software,96,1,extrema,1729,software,96,1.0,7876,856699b7e2ab7ba5e7a3cf03d6de2edfa239f5768ba548da4e7d108a4dfc34fb,192,19020,21328,6340,7110,0,0,5570,6340,1
n96_m1_extrema_s1729_iterative_staged,96,1,extrema,1729,iterative_staged,96,1.0,291,c10c1ac1b710e3f8684c646702556b95e555a1d8f91a611de578f4219094fe47,192,2122,4430,291,386,1248,3,194,291,1
n96_m1_extrema_s1729_iterative_fused,96,1,extrema,1729,iterative_fused,96,1.0,291,c10c1ac1b710e3f8684c646702556b95e555a1d8f91a611de578f4219094fe47,192,1930,4238,291,386,1056,3,194,291,1
n96_m1_extrema_s1729_parallel_fused,96,1,extrema,1729,parallel_fused,96,1.0,291,c10c1ac1b710e3f8684c646702556b95e555a1d8f91a611de578f4219094fe47,192,1162,3470,291,386,288,3,194,291,1
n8_m4_zero_s1729_software,8,4,zero,1729,software,32,0.0,2640,cf7876705fcfbd78b4cf8ecbb040f26b9613aee647ae7d9ffa422e100948d6a5,40,336,820,112,88,0,0,136,112,4
n8_m4_zero_s1729_iterative_staged,8,4,zero,1729,iterative_staged,32,0.0,108,22b3be6bca8b21f0bc0d2ae9798bac4f9a927f1006cbb784621c10c60cfeab01,40,744,1228,108,136,416,12,72,108,4
n8_m4_zero_s1729_iterative_fused,8,4,zero,1729,iterative_fused,32,0.0,108,22b3be6bca8b21f0bc0d2ae9798bac4f9a927f1006cbb784621c10c60cfeab01,40,680,1164,108,136,352,12,72,108,4
n8_m4_zero_s1729_parallel_fused,8,4,zero,1729,parallel_fused,32,0.0,108,22b3be6bca8b21f0bc0d2ae9798bac4f9a927f1006cbb784621c10c60cfeab01,40,424,908,108,136,96,12,72,108,4
n8_m4_sparse_s1729_software,8,4,sparse,1729,software,32,0.1875,2640,cf7876705fcfbd78b4cf8ecbb040f26b9613aee647ae7d9ffa422e100948d6a5,40,1422,1906,474,496,0,0,452,474,4
n8_m4_sparse_s1729_iterative_staged,8,4,sparse,1729,iterative_staged,32,0.1875,108,22b3be6bca8b21f0bc0d2ae9798bac4f9a927f1006cbb784621c10c60cfeab01,40,744,1228,108,136,416,12,72,108,4
n8_m4_sparse_s1729_iterative_fused,8,4,sparse,1729,iterative_fused,32,0.1875,108,22b3be6bca8b21f0bc0d2ae9798bac4f9a927f1006cbb784621c10c60cfeab01,40,680,1164,108,136,352,12,72,108,4
n8_m4_sparse_s1729_parallel_fused,8,4,sparse,1729,parallel_fused,32,0.1875,108,22b3be6bca8b21f0bc0d2ae9798bac4f9a927f1006cbb784621c10c60cfeab01,40,424,908,108,136,96,12,72,108,4
n8_m4_sparse_s1730_software,8,4,sparse,1730,software,32,0.1875,2640,cf7876705fcfbd78b4cf8ecbb040f26b9613aee647ae7d9ffa422e100948d6a5,40,1458,1942,486,514,0,0,458,486,4
n8_m4_sparse_s1730_iterative_staged,8,4,sparse,1730,iterative_staged,32,0.1875,108,22b3be6bca8b21f0bc0d2ae9798bac4f9a927f1006cbb784621c10c60cfeab01,40,744,1228,108,136,416,12,72,108,4
n8_m4_sparse_s1730_iterative_fused,8,4,sparse,1730,iterative_fused,32,0.1875,108,22b3be6bca8b21f0bc0d2ae9798bac4f9a927f1006cbb784621c10c60cfeab01,40,680,1164,108,136,352,12,72,108,4
n8_m4_sparse_s1730_parallel_fused,8,4,sparse,1730,parallel_fused,32,0.1875,108,22b3be6bca8b21f0bc0d2ae9798bac4f9a927f1006cbb784621c10c60cfeab01,40,424,908,108,136,96,12,72,108,4
n8_m4_sparse_s1731_software,8,4,sparse,1731,software,32,0.15625,2640,cf7876705fcfbd78b4cf8ecbb040f26b9613aee647ae7d9ffa422e100948d6a5,40,1341,1825,447,478,0,0,416,447,4
n8_m4_sparse_s1731_iterative_staged,8,4,sparse,1731,iterative_staged,32,0.15625,108,22b3be6bca8b21f0bc0d2ae9798bac4f9a927f1006cbb784621c10c60cfeab01,40,744,1228,108,136,416,12,72,108,4
n8_m4_sparse_s1731_iterative_fused,8,4,sparse,1731,iterative_fused,32,0.15625,108,22b3be6bca8b21f0bc0d2ae9798bac4f9a927f1006cbb784621c10c60cfeab01,40,680,1164,108,136,352,12,72,108,4
n8_m4_sparse_s1731_parallel_fused,8,4,sparse,1731,parallel_fused,32,0.15625,108,22b3be6bca8b21f0bc0d2ae9798bac4f9a927f1006cbb784621c10c60cfeab01,40,424,908,108,136,96,12,72,108,4
n8_m4_small_s1729_software,8,4,small,1729,software,32,0.96875,2640,cf7876705fcfbd78b4cf8ecbb040f26b9613aee647ae7d9ffa422e100948d6a5,40,6351,6835,2117,2398,0,0,1836,2117,4
n8_m4_small_s1729_iterative_staged,8,4,small,1729,iterative_staged,32,0.96875,108,22b3be6bca8b21f0bc0d2ae9798bac4f9a927f1006cbb784621c10c60cfeab01,40,744,1228,108,136,416,12,72,108,4
n8_m4_small_s1729_iterative_fused,8,4,small,1729,iterative_fused,32,0.96875,108,22b3be6bca8b21f0bc0d2ae9798bac4f9a927f1006cbb784621c10c60cfeab01,40,680,1164,108,136,352,12,72,108,4
n8_m4_small_s1729_parallel_fused,8,4,small,1729,parallel_fused,32,0.96875,108,22b3be6bca8b21f0bc0d2ae9798bac4f9a927f1006cbb784621c10c60cfeab01,40,424,908,108,136,96,12,72,108,4
n8_m4_small_s1730_software,8,4,small,1730,software,32,0.90625,2640,cf7876705fcfbd78b4cf8ecbb040f26b9613aee647ae7d9ffa422e100948d6a5,40,5865,6349,1955,2200,0,0,1710,1955,4
n8_m4_small_s1730_iterative_staged,8,4,small,1730,iterative_staged,32,0.90625,108,22b3be6bca8b21f0bc0d2ae9798bac4f9a927f1006cbb784621c10c60cfeab01,40,744,1228,108,136,416,12,72,108,4
n8_m4_small_s1730_iterative_fused,8,4,small,1730,iterative_fused,32,0.90625,108,22b3be6bca8b21f0bc0d2ae9798bac4f9a927f1006cbb784621c10c60cfeab01,40,680,1164,108,136,352,12,72,108,4
n8_m4_small_s1730_parallel_fused,8,4,small,1730,parallel_fused,32,0.90625,108,22b3be6bca8b21f0bc0d2ae9798bac4f9a927f1006cbb784621c10c60cfeab01,40,424,908,108,136,96,12,72,108,4
n8_m4_small_s1731_software,8,4,small,1731,software,32,1.0,2640,cf7876705fcfbd78b4cf8ecbb040f26b9613aee647ae7d9ffa422e100948d6a5,40,6576,7060,2192,2488,0,0,1896,2192,4
n8_m4_small_s1731_iterative_staged,8,4,small,1731,iterative_staged,32,1.0,108,22b3be6bca8b21f0bc0d2ae9798bac4f9a927f1006cbb784621c10c60cfeab01,40,744,1228,108,136,416,12,72,108,4
n8_m4_small_s1731_iterative_fused,8,4,small,1731,iterative_fused,32,1.0,108,22b3be6bca8b21f0bc0d2ae9798bac4f9a927f1006cbb784621c10c60cfeab01,40,680,1164,108,136,352,12,72,108,4
n8_m4_small_s1731_parallel_fused,8,4,small,1731,parallel_fused,32,1.0,108,22b3be6bca8b21f0bc0d2ae9798bac4f9a927f1006cbb784621c10c60cfeab01,40,424,908,108,136,96,12,72,108,4
n8_m4_full_s1729_software,8,4,full,1729,software,32,1.0,2640,cf7876705fcfbd78b4cf8ecbb040f26b9613aee647ae7d9ffa422e100948d6a5,40,6288,6772,2096,2344,0,0,1848,2096,4
n8_m4_full_s1729_iterative_staged,8,4,full,1729,iterative_staged,32,1.0,108,22b3be6bca8b21f0bc0d2ae9798bac4f9a927f1006cbb784621c10c60cfeab01,40,744,1228,108,136,416,12,72,108,4
n8_m4_full_s1729_iterative_fused,8,4,full,1729,iterative_fused,32,1.0,108,22b3be6bca8b21f0bc0d2ae9798bac4f9a927f1006cbb784621c10c60cfeab01,40,680,1164,108,136,352,12,72,108,4
n8_m4_full_s1729_parallel_fused,8,4,full,1729,parallel_fused,32,1.0,108,22b3be6bca8b21f0bc0d2ae9798bac4f9a927f1006cbb784621c10c60cfeab01,40,424,908,108,136,96,12,72,108,4
n8_m4_full_s1730_software,8,4,full,1730,software,32,1.0,2640,cf7876705fcfbd78b4cf8ecbb040f26b9613aee647ae7d9ffa422e100948d6a5,40,6300,6784,2100,2350,0,0,1850,2100,4
n8_m4_full_s1730_iterative_staged,8,4,full,1730,iterative_staged,32,1.0,108,22b3be6bca8b21f0bc0d2ae9798bac4f9a927f1006cbb784621c10c60cfeab01,40,744,1228,108,136,416,12,72,108,4
n8_m4_full_s1730_iterative_fused,8,4,full,1730,iterative_fused,32,1.0,108,22b3be6bca8b21f0bc0d2ae9798bac4f9a927f1006cbb784621c10c60cfeab01,40,680,1164,108,136,352,12,72,108,4
n8_m4_full_s1730_parallel_fused,8,4,full,1730,parallel_fused,32,1.0,108,22b3be6bca8b21f0bc0d2ae9798bac4f9a927f1006cbb784621c10c60cfeab01,40,424,908,108,136,96,12,72,108,4
n8_m4_full_s1731_software,8,4,full,1731,software,32,1.0,2640,cf7876705fcfbd78b4cf8ecbb040f26b9613aee647ae7d9ffa422e100948d6a5,40,6588,7072,2196,2494,0,0,1898,2196,4
n8_m4_full_s1731_iterative_staged,8,4,full,1731,iterative_staged,32,1.0,108,22b3be6bca8b21f0bc0d2ae9798bac4f9a927f1006cbb784621c10c60cfeab01,40,744,1228,108,136,416,12,72,108,4
n8_m4_full_s1731_iterative_fused,8,4,full,1731,iterative_fused,32,1.0,108,22b3be6bca8b21f0bc0d2ae9798bac4f9a927f1006cbb784621c10c60cfeab01,40,680,1164,108,136,352,12,72,108,4
n8_m4_full_s1731_parallel_fused,8,4,full,1731,parallel_fused,32,1.0,108,22b3be6bca8b21f0bc0d2ae9798bac4f9a927f1006cbb784621c10c60cfeab01,40,424,908,108,136,96,12,72,108,4
n8_m4_extrema_s1729_software,8,4,extrema,1729,software,32,1.0,2640,cf7876705fcfbd78b4cf8ecbb040f26b9613aee647ae7d9ffa422e100948d6a5,40,6384,6868,2128,2392,0,0,1864,2128,4
n8_m4_extrema_s1729_iterative_staged,8,4,extrema,1729,iterative_staged,32,1.0,108,22b3be6bca8b21f0bc0d2ae9798bac4f9a927f1006cbb784621c10c60cfeab01,40,744,1228,108,136,416,12,72,108,4
n8_m4_extrema_s1729_iterative_fused,8,4,extrema,1729,iterative_fused,32,1.0,108,22b3be6bca8b21f0bc0d2ae9798bac4f9a927f1006cbb784621c10c60cfeab01,40,680,1164,108,136,352,12,72,108,4
n8_m4_extrema_s1729_parallel_fused,8,4,extrema,1729,parallel_fused,32,1.0,108,22b3be6bca8b21f0bc0d2ae9798bac4f9a927f1006cbb784621c10c60cfeab01,40,424,908,108,136,96,12,72,108,4
n16_m4_zero_s1729_software,16,4,zero,1729,software,64,0.0,5264,eeb77e590d59a98bfdcf1f99c00540403780f63b404cd476b6c33766d8dbd39f,80,624,1588,208,152,0,0,264,208,4
n16_m4_zero_s1729_iterative_staged,16,4,zero,1729,iterative_staged,64,0.0,204,87f531fd203734cbec32735a1725564e6e3006103781d3e6221b587932a7aca0,80,1448,2412,204,264,832,12,136,204,4
n16_m4_zero_s1729_iterative_fused,16,4,zero,1729,iterative_fused,64,0.0,204,87f531fd203734cbec32735a1725564e6e3006103781d3e6221b587932a7aca0,80,1320,2284,204,264,704,12,136,204,4
n16_m4_zero_s1729_parallel_fused,16,4,zero,1729,parallel_fused,64,0.0,204,87f531fd203734cbec32735a1725564e6e3006103781d3e6221b587932a7aca0,80,808,1772,204,264,192,12,136,204,4
n16_m4_sparse_s1729_software,16,4,sparse,1729,software,64,0.21875,5264,eeb77e590d59a98bfdcf1f99c00540403780f63b404cd476b6c33766d8dbd39f,80,3198,4162,1066,1124,0,0,1008,1066,4
n16_m4_sparse_s1729_iterative_staged,16,4,sparse,1729,iterative_staged,64,0.21875,204,87f531fd203734cbec32735a1725564e6e3006103781d3e6221b587932a7aca0,80,1448,2412,204,264,832,12,136,204,4
n16_m4_sparse_s1729_iterative_fused,16,4,sparse,1729,iterative_fused,64,0.21875,204,87f531fd203734cbec32735a1725564e6e3006103781d3e6221b587932a7aca0,80,1320,2284,204,264,704,12,136,204,4
n16_m4_sparse_s1729_parallel_fused,16,4,sparse,1729,parallel_fused,64,0.21875,204,87f531fd203734cbec32735a1725564e6e3006103781d3e6221b587932a7aca0,80,808,1772,204,264,192,12,136,204,4
n16_m4_sparse_s1730_software,16,4,sparse,1730,software,64,0.15625,5264,eeb77e590d59a98bfdcf1f99c00540403780f63b404cd476b6c33766d8dbd39f,80,2502,3466,834,866,0,0,802,834,4
n16_m4_sparse_s1730_iterative_staged,16,4,sparse,1730,iterative_staged,64,0.15625,204,87f531fd203734cbec32735a1725564e6e3006103781d3e6221b587932a7aca0,80,1448,2412,204,264,832,12,136,204,4
n16_m4_sparse_s1730_iterative_fused,16,4,sparse,1730,iterative_fused,64,0.15625,204,87f531fd203734cbec32735a1725564e6e3006103781d3e6221b587932a7aca0,80,1320,2284,204,264,704,12,136,204,4
n16_m4_sparse_s1730_parallel_fused,16,4,sparse,1730,parallel_fused,64,0.15625,204,87f531fd203734cbec32735a1725564e6e3006103781d3e6221b587932a7aca0,80,808,1772,204,264,192,12,136,204,4
n16_m4_sparse_s1731_software,16,4,sparse,1731,software,64,0.21875,5264,eeb77e590d59a98bfdcf1f99c00540403780f63b404cd476b6c33766d8dbd39f,80,3234,4198,1078,1142,0,0,1014,1078,4
n16_m4_sparse_s1731_iterative_staged,16,4,sparse,1731,iterative_staged,64,0.21875,204,87f531fd203734cbec32735a1725564e6e3006103781d3e6221b587932a7aca0,80,1448,2412,204,264,832,12,136,204,4
n16_m4_sparse_s1731_iterative_fused,16,4,sparse,1731,iterative_fused,64,0.21875,204,87f531fd203734cbec32735a1725564e6e3006103781d3e6221b587932a7aca0,80,1320,2284,204,264,704,12,136,204,4
n16_m4_sparse_s1731_parallel_fused,16,4,sparse,1731,parallel_fused,64,0.21875,204,87f531fd203734cbec32735a1725564e6e3006103781d3e6221b587932a7aca0,80,808,1772,204,264,192,12,136,204,4
n16_m4_small_s1729_software,16,4,small,1729,software,64,0.890625,5264,eeb77e590d59a98bfdcf1f99c00540403780f63b404cd476b6c33766d8dbd39f,80,11541,12505,3847,4328,0,0,3366,3847,4
n16_m4_small_s1729_iterative_staged,16,4,small,1729,iterative_staged,64,0.890625,204,87f531fd203734cbec32735a1725564e6e3006103781d3e6221b587932a7aca0,80,1448,2412,204,264,832,12,136,204,4
n16_m4_small_s1729_iterative_fused,16,4,small,1729,iterative_fused,64,0.890625,204,87f531fd203734cbec32735a1725564e6e3006103781d3e6221b587932a7aca0,80,1320,2284,204,264,704,12,136,204,4
n16_m4_small_s1729_parallel_fused,16,4,small,1729,parallel_fused,64,0.890625,204,87f531fd203734cbec32735a1725564e6e3006103781d3e6221b587932a7aca0,80,808,1772,204,264,192,12,136,204,4
n16_m4_small_s1730_software,16,4,small,1730,software,64,0.984375,5264,eeb77e590d59a98bfdcf1f99c00540403780f63b404cd476b6c33766d8dbd39f,80,12735,13699,4245,4790,0,0,3700,4245,4
n16_m4_small_s1730_iterative_staged,16,4,small,1730,iterative_staged,64,0.984375,204,87f531fd203734cbec32735a1725564e6e3006103781d3e6221b587932a7aca0,80,1448,2412,204,264,832,12,136,204,4
n16_m4_small_s1730_iterative_fused,16,4,small,1730,iterative_fused,64,0.984375,204,87f531fd203734cbec32735a1725564e6e3006103781d3e6221b587932a7aca0,80,1320,2284,204,264,704,12,136,204,4
n16_m4_small_s1730_parallel_fused,16,4,small,1730,parallel_fused,64,0.984375,204,87f531fd203734cbec32735a1725564e6e3006103781d3e6221b587932a7aca0,80,808,1772,204,264,192,12,136,204,4
n16_m4_small_s1731_software,16,4,small,1731,software,64,0.921875,5264,eeb77e590d59a98bfdcf1f99c00540403780f63b404cd476b6c33766d8dbd39f,80,12183,13147,4061,4604,0,0,3518,4061,4
n16_m4_small_s1731_iterative_staged,16,4,small,1731,iterative_staged,64,0.921875,204,87f531fd203734cbec32735a1725564e6e3006103781d3e6221b587932a7aca0,80,1448,2412,204,264,832,12,136,204,4
n16_m4_small_s1731_iterative_fused,16,4,small,1731,iterative_fused,64,0.921875,204,87f531fd203734cbec32735a1725564e6e3006103781d3e6221b587932a7aca0,80,1320,2284,204,264,704,12,136,204,4
n16_m4_small_s1731_parallel_fused,16,4,small,1731,parallel_fused,64,0.921875,204,87f531fd203734cbec32735a1725564e6e3006103781d3e6221b587932a7aca0,80,808,1772,204,264,192,12,136,204,4
n16_m4_full_s1729_software,16,4,full,1729,software,64,1.0,5264,eeb77e590d59a98bfdcf1f99c00540403780f63b404cd476b6c33766d8dbd39f,80,12864,13828,4288,4832,0,0,3744,4288,4
n16_m4_full_s1729_iterative_staged,16,4,full,1729,iterative_staged,64,1.0,204,87f531fd203734cbec32735a1725564e6e3006103781d3e6221b587932a7aca0,80,1448,2412,204,264,832,12,136,204,4
n16_m4_full_s1729_iterative_fused,16,4,full,1729,iterative_fused,64,1.0,204,87f531fd203734cbec32735a1725564e6e3006103781d3e6221b587932a7aca0,80,1320,2284,204,264,704,12,136,204,4
n16_m4_full_s1729_parallel_fused,16,4,full,1729,parallel_fused,64,1.0,204,87f531fd203734cbec32735a1725564e6e3006103781d3e6221b587932a7aca0,80,808,1772,204,264,192,12,136,204,4
n16_m4_full_s1730_software,16,4,full,1730,software,64,1.0,5264,eeb77e590d59a98bfdcf1f99c00540403780f63b404cd476b6c33766d8dbd39f,80,12552,13516,4184,4676,0,0,3692,4184,4
n16_m4_full_s1730_iterative_staged,16,4,full,1730,iterative_staged,64,1.0,204,87f531fd203734cbec32735a1725564e6e3006103781d3e6221b587932a7aca0,80,1448,2412,204,264,832,12,136,204,4
n16_m4_full_s1730_iterative_fused,16,4,full,1730,iterative_fused,64,1.0,204,87f531fd203734cbec32735a1725564e6e3006103781d3e6221b587932a7aca0,80,1320,2284,204,264,704,12,136,204,4
n16_m4_full_s1730_parallel_fused,16,4,full,1730,parallel_fused,64,1.0,204,87f531fd203734cbec32735a1725564e6e3006103781d3e6221b587932a7aca0,80,808,1772,204,264,192,12,136,204,4
n16_m4_full_s1731_software,16,4,full,1731,software,64,1.0,5264,eeb77e590d59a98bfdcf1f99c00540403780f63b404cd476b6c33766d8dbd39f,80,12708,13672,4236,4754,0,0,3718,4236,4
n16_m4_full_s1731_iterative_staged,16,4,full,1731,iterative_staged,64,1.0,204,87f531fd203734cbec32735a1725564e6e3006103781d3e6221b587932a7aca0,80,1448,2412,204,264,832,12,136,204,4
n16_m4_full_s1731_iterative_fused,16,4,full,1731,iterative_fused,64,1.0,204,87f531fd203734cbec32735a1725564e6e3006103781d3e6221b587932a7aca0,80,1320,2284,204,264,704,12,136,204,4
n16_m4_full_s1731_parallel_fused,16,4,full,1731,parallel_fused,64,1.0,204,87f531fd203734cbec32735a1725564e6e3006103781d3e6221b587932a7aca0,80,808,1772,204,264,192,12,136,204,4
n16_m4_extrema_s1729_software,16,4,extrema,1729,software,64,1.0,5264,eeb77e590d59a98bfdcf1f99c00540403780f63b404cd476b6c33766d8dbd39f,80,12720,13684,4240,4760,0,0,3720,4240,4
n16_m4_extrema_s1729_iterative_staged,16,4,extrema,1729,iterative_staged,64,1.0,204,87f531fd203734cbec32735a1725564e6e3006103781d3e6221b587932a7aca0,80,1448,2412,204,264,832,12,136,204,4
n16_m4_extrema_s1729_iterative_fused,16,4,extrema,1729,iterative_fused,64,1.0,204,87f531fd203734cbec32735a1725564e6e3006103781d3e6221b587932a7aca0,80,1320,2284,204,264,704,12,136,204,4
n16_m4_extrema_s1729_parallel_fused,16,4,extrema,1729,parallel_fused,64,1.0,204,87f531fd203734cbec32735a1725564e6e3006103781d3e6221b587932a7aca0,80,808,1772,204,264,192,12,136,204,4
n16_m8_zero_s1729_software,16,8,zero,1729,software,128,0.0,10528,842ec212691b5e29ab212bf05dfd21cf095be1e637448067c1f18914b3218e34,144,1248,2980,416,304,0,0,528,416,8
n16_m8_zero_s1729_iterative_staged,16,8,zero,1729,iterative_staged,128,0.0,408,d95ee254e923724ff2f00c9198dafd6a01155d5fa0d7cc5a0a4d2dc3ba40bcfe,144,2896,4628,408,528,1664,24,272,408,8
n16_m8_zero_s1729_iterative_fused,16,8,zero,1729,iterative_fused,128,0.0,408,d95ee254e923724ff2f00c9198dafd6a01155d5fa0d7cc5a0a4d2dc3ba40bcfe,144,2640,4372,408,528,1408,24,272,408,8
n16_m8_zero_s1729_parallel_fused,16,8,zero,1729,parallel_fused,128,0.0,408,d95ee254e923724ff2f00c9198dafd6a01155d5fa0d7cc5a0a4d2dc3ba40bcfe,144,1616,3348,408,528,384,24,272,408,8
n16_m8_sparse_s1729_software,16,8,sparse,1729,software,128,0.171875,10528,842ec212691b5e29ab212bf05dfd21cf095be1e637448067c1f18914b3218e34,144,5478,7210,1826,1924,0,0,1728,1826,8
n16_m8_sparse_s1729_iterative_staged,16,8,sparse,1729,iterative_staged,128,0.171875,408,d95ee254e923724ff2f00c9198dafd6a01155d5fa0d7cc5a0a4d2dc3ba40bcfe,144,2896,4628,408,528,1664,24,272,408,8
n16_m8_sparse_s1729_iterative_fused,16,8,sparse,1729,iterative_fused,128,0.171875,408,d95ee254e923724ff2f00c9198dafd6a01155d5fa0d7cc5a0a4d2dc3ba40bcfe,144,2640,4372,408,528,1408,24,272,408,8
n16_m8_sparse_s1729_parallel_fused,16,8,sparse,1729,parallel_fused,128,0.171875,408,d95ee254e923724ff2f00c9198dafd6a01155d5fa0d7cc5a0a4d2dc3ba40bcfe,144,1616,3348,408,528,384,24,272,408,8
n16_m8_sparse_s1730_software,16,8,sparse,1730,software,128,0.203125,10528,842ec212691b5e29ab212bf05dfd21cf095be1e637448067c1f18914b3218e34,144,6162,7894,2054,2176,0,0,1932,2054,8
n16_m8_sparse_s1730_iterative_staged,16,8,sparse,1730,iterative_staged,128,0.203125,408,d95ee254e923724ff2f00c9198dafd6a01155d5fa0d7cc5a0a4d2dc3ba40bcfe,144,2896,4628,408,528,1664,24,272,408,8
n16_m8_sparse_s1730_iterative_fused,16,8,sparse,1730,iterative_fused,128,0.203125,408,d95ee254e923724ff2f00c9198dafd6a01155d5fa0d7cc5a0a4d2dc3ba40bcfe,144,2640,4372,408,528,1408,24,272,408,8
n16_m8_sparse_s1730_parallel_fused,16,8,sparse,1730,parallel_fused,128,0.203125,408,d95ee254e923724ff2f00c9198dafd6a01155d5fa0d7cc5a0a4d2dc3ba40bcfe,144,1616,3348,408,528,384,24,272,408,8
n16_m8_sparse_s1731_software,16,8,sparse,1731,software,128,0.2109375,10528,842ec212691b5e29ab212bf05dfd21cf095be1e637448067c1f18914b3218e34,144,6231,7963,2077,2188,0,0,1966,2077,8
n16_m8_sparse_s1731_iterative_staged,16,8,sparse,1731,iterative_staged,128,0.2109375,408,d95ee254e923724ff2f00c9198dafd6a01155d5fa0d7cc5a0a4d2dc3ba40bcfe,144,2896,4628,408,528,1664,24,272,408,8
n16_m8_sparse_s1731_iterative_fused,16,8,sparse,1731,iterative_fused,128,0.2109375,408,d95ee254e923724ff2f00c9198dafd6a01155d5fa0d7cc5a0a4d2dc3ba40bcfe,144,2640,4372,408,528,1408,24,272,408,8
n16_m8_sparse_s1731_parallel_fused,16,8,sparse,1731,parallel_fused,128,0.2109375,408,d95ee254e923724ff2f00c9198dafd6a01155d5fa0d7cc5a0a4d2dc3ba40bcfe,144,1616,3348,408,528,384,24,272,408,8
n16_m8_small_s1729_software,16,8,small,1729,software,128,0.9453125,10528,842ec212691b5e29ab212bf05dfd21cf095be1e637448067c1f18914b3218e34,144,24453,26185,8151,9184,0,0,7118,8151,8
n16_m8_small_s1729_iterative_staged,16,8,small,1729,iterative_staged,128,0.9453125,408,d95ee254e923724ff2f00c9198dafd6a01155d5fa0d7cc5a0a4d2dc3ba40bcfe,144,2896,4628,408,528,1664,24,272,408,8
n16_m8_small_s1729_iterative_fused,16,8,small,1729,iterative_fused,128,0.9453125,408,d95ee254e923724ff2f00c9198dafd6a01155d5fa0d7cc5a0a4d2dc3ba40bcfe,144,2640,4372,408,528,1408,24,272,408,8
n16_m8_small_s1729_parallel_fused,16,8,small,1729,parallel_fused,128,0.9453125,408,d95ee254e923724ff2f00c9198dafd6a01155d5fa0d7cc5a0a4d2dc3ba40bcfe,144,1616,3348,408,528,384,24,272,408,8
n16_m8_small_s1730_software,16,8,small,1730,software,128,0.90625,10528,842ec212691b5e29ab212bf05dfd21cf095be1e637448067c1f18914b3218e34,144,23136,24868,7712,8638,0,0,6786,7712,8
n16_m8_small_s1730_iterative_staged,16,8,small,1730,iterative_staged,128,0.90625,408,d95ee254e923724ff2f00c9198dafd6a01155d5fa0d7cc5a0a4d2dc3ba40bcfe,144,2896,4628,408,528,1664,24,272,408,8
n16_m8_small_s1730_iterative_fused,16,8,small,1730,iterative_fused,128,0.90625,408,d95ee254e923724ff2f00c9198dafd6a01155d5fa0d7cc5a0a4d2dc3ba40bcfe,144,2640,4372,408,528,1408,24,272,408,8
n16_m8_small_s1730_parallel_fused,16,8,small,1730,parallel_fused,128,0.90625,408,d95ee254e923724ff2f00c9198dafd6a01155d5fa0d7cc5a0a4d2dc3ba40bcfe,144,1616,3348,408,528,384,24,272,408,8
n16_m8_small_s1731_software,16,8,small,1731,software,128,0.953125,10528,842ec212691b5e29ab212bf05dfd21cf095be1e637448067c1f18914b3218e34,144,24870,26602,8290,9370,0,0,7210,8290,8
n16_m8_small_s1731_iterative_staged,16,8,small,1731,iterative_staged,128,0.953125,408,d95ee254e923724ff2f00c9198dafd6a01155d5fa0d7cc5a0a4d2dc3ba40bcfe,144,2896,4628,408,528,1664,24,272,408,8
n16_m8_small_s1731_iterative_fused,16,8,small,1731,iterative_fused,128,0.953125,408,d95ee254e923724ff2f00c9198dafd6a01155d5fa0d7cc5a0a4d2dc3ba40bcfe,144,2640,4372,408,528,1408,24,272,408,8
n16_m8_small_s1731_parallel_fused,16,8,small,1731,parallel_fused,128,0.953125,408,d95ee254e923724ff2f00c9198dafd6a01155d5fa0d7cc5a0a4d2dc3ba40bcfe,144,1616,3348,408,528,384,24,272,408,8
n16_m8_full_s1729_software,16,8,full,1729,software,128,0.9921875,10528,842ec212691b5e29ab212bf05dfd21cf095be1e637448067c1f18914b3218e34,144,25227,26959,8409,9436,0,0,7382,8409,8
n16_m8_full_s1729_iterative_staged,16,8,full,1729,iterative_staged,128,0.9921875,408,d95ee254e923724ff2f00c9198dafd6a01155d5fa0d7cc5a0a4d2dc3ba40bcfe,144,2896,4628,408,528,1664,24,272,408,8
n16_m8_full_s1729_iterative_fused,16,8,full,1729,iterative_fused,128,0.9921875,408,d95ee254e923724ff2f00c9198dafd6a01155d5fa0d7cc5a0a4d2dc3ba40bcfe,144,2640,4372,408,528,1408,24,272,408,8
n16_m8_full_s1729_parallel_fused,16,8,full,1729,parallel_fused,128,0.9921875,408,d95ee254e923724ff2f00c9198dafd6a01155d5fa0d7cc5a0a4d2dc3ba40bcfe,144,1616,3348,408,528,384,24,272,408,8
n16_m8_full_s1730_software,16,8,full,1730,software,128,1.0,10528,842ec212691b5e29ab212bf05dfd21cf095be1e637448067c1f18914b3218e34,144,25404,27136,8468,9502,0,0,7434,8468,8
n16_m8_full_s1730_iterative_staged,16,8,full,1730,iterative_staged,128,1.0,408,d95ee254e923724ff2f00c9198dafd6a01155d5fa0d7cc5a0a4d2dc3ba40bcfe,144,2896,4628,408,528,1664,24,272,408,8
n16_m8_full_s1730_iterative_fused,16,8,full,1730,iterative_fused,128,1.0,408,d95ee254e923724ff2f00c9198dafd6a01155d5fa0d7cc5a0a4d2dc3ba40bcfe,144,2640,4372,408,528,1408,24,272,408,8
n16_m8_full_s1730_parallel_fused,16,8,full,1730,parallel_fused,128,1.0,408,d95ee254e923724ff2f00c9198dafd6a01155d5fa0d7cc5a0a4d2dc3ba40bcfe,144,1616,3348,408,528,384,24,272,408,8
n16_m8_full_s1731_software,16,8,full,1731,software,128,1.0,10528,842ec212691b5e29ab212bf05dfd21cf095be1e637448067c1f18914b3218e34,144,25356,27088,8452,9478,0,0,7426,8452,8
n16_m8_full_s1731_iterative_staged,16,8,full,1731,iterative_staged,128,1.0,408,d95ee254e923724ff2f00c9198dafd6a01155d5fa0d7cc5a0a4d2dc3ba40bcfe,144,2896,4628,408,528,1664,24,272,408,8
n16_m8_full_s1731_iterative_fused,16,8,full,1731,iterative_fused,128,1.0,408,d95ee254e923724ff2f00c9198dafd6a01155d5fa0d7cc5a0a4d2dc3ba40bcfe,144,2640,4372,408,528,1408,24,272,408,8
n16_m8_full_s1731_parallel_fused,16,8,full,1731,parallel_fused,128,1.0,408,d95ee254e923724ff2f00c9198dafd6a01155d5fa0d7cc5a0a4d2dc3ba40bcfe,144,1616,3348,408,528,384,24,272,408,8
n16_m8_extrema_s1729_software,16,8,extrema,1729,software,128,1.0,10528,842ec212691b5e29ab212bf05dfd21cf095be1e637448067c1f18914b3218e34,144,25440,27172,8480,9520,0,0,7440,8480,8
n16_m8_extrema_s1729_iterative_staged,16,8,extrema,1729,iterative_staged,128,1.0,408,d95ee254e923724ff2f00c9198dafd6a01155d5fa0d7cc5a0a4d2dc3ba40bcfe,144,2896,4628,408,528,1664,24,272,408,8
n16_m8_extrema_s1729_iterative_fused,16,8,extrema,1729,iterative_fused,128,1.0,408,d95ee254e923724ff2f00c9198dafd6a01155d5fa0d7cc5a0a4d2dc3ba40bcfe,144,2640,4372,408,528,1408,24,272,408,8
n16_m8_extrema_s1729_parallel_fused,16,8,extrema,1729,parallel_fused,128,1.0,408,d95ee254e923724ff2f00c9198dafd6a01155d5fa0d7cc5a0a4d2dc3ba40bcfe,144,1616,3348,408,528,384,24,272,408,8
n32_m4_zero_s1729_software,32,4,zero,1729,software,128,0.0,10512,9c761fd046c394968bf36d91f094ddee8aec415fafd07ee07cad6cd3f745f859,160,1200,3124,400,280,0,0,520,400,4
n32_m4_zero_s1729_iterative_staged,32,4,zero,1729,iterative_staged,128,0.0,396,5acd01a913062a9d7a8a0867c446747729c88c4705202cef5d2bf9c7ac220786,160,2856,4780,396,520,1664,12,264,396,4
n32_m4_zero_s1729_iterative_fused,32,4,zero,1729,iterative_fused,128,0.0,396,5acd01a913062a9d7a8a0867c446747729c88c4705202cef5d2bf9c7ac220786,160,2600,4524,396,520,1408,12,264,396,4
n32_m4_zero_s1729_parallel_fused,32,4,zero,1729,parallel_fused,128,0.0,396,5acd01a913062a9d7a8a0867c446747729c88c4705202cef5d2bf9c7ac220786,160,1576,3500,396,520,384,12,264,396,4
n32_m4_sparse_s1729_software,32,4,sparse,1729,software,128,0.1484375,10512,9c761fd046c394968bf36d91f094ddee8aec415fafd07ee07cad6cd3f745f859,160,4671,6595,1557,1588,0,0,1526,1557,4
n32_m4_sparse_s1729_iterative_staged,32,4,sparse,1729,iterative_staged,128,0.1484375,396,5acd01a913062a9d7a8a0867c446747729c88c4705202cef5d2bf9c7ac220786,160,2856,4780,396,520,1664,12,264,396,4
n32_m4_sparse_s1729_iterative_fused,32,4,sparse,1729,iterative_fused,128,0.1484375,396,5acd01a913062a9d7a8a0867c446747729c88c4705202cef5d2bf9c7ac220786,160,2600,4524,396,520,1408,12,264,396,4
n32_m4_sparse_s1729_parallel_fused,32,4,sparse,1729,parallel_fused,128,0.1484375,396,5acd01a913062a9d7a8a0867c446747729c88c4705202cef5d2bf9c7ac220786,160,1576,3500,396,520,384,12,264,396,4
n32_m4_sparse_s1730_software,32,4,sparse,1730,software,128,0.2578125,10512,9c761fd046c394968bf36d91f094ddee8aec415fafd07ee07cad6cd3f745f859,160,7473,9397,2491,2674,0,0,2308,2491,4
n32_m4_sparse_s1730_iterative_staged,32,4,sparse,1730,iterative_staged,128,0.2578125,396,5acd01a913062a9d7a8a0867c446747729c88c4705202cef5d2bf9c7ac220786,160,2856,4780,396,520,1664,12,264,396,4
n32_m4_sparse_s1730_iterative_fused,32,4,sparse,1730,iterative_fused,128,0.2578125,396,5acd01a913062a9d7a8a0867c446747729c88c4705202cef5d2bf9c7ac220786,160,2600,4524,396,520,1408,12,264,396,4
n32_m4_sparse_s1730_parallel_fused,32,4,sparse,1730,parallel_fused,128,0.2578125,396,5acd01a913062a9d7a8a0867c446747729c88c4705202cef5d2bf9c7ac220786,160,1576,3500,396,520,384,12,264,396,4
n32_m4_sparse_s1731_software,32,4,sparse,1731,software,128,0.1796875,10512,9c761fd046c394968bf36d91f094ddee8aec415fafd07ee07cad6cd3f745f859,160,5511,7435,1837,1918,0,0,1756,1837,4
n32_m4_sparse_s1731_iterative_staged,32,4,sparse,1731,iterative_staged,128,0.1796875,396,5acd01a913062a9d7a8a0867c446747729c88c4705202cef5d2bf9c7ac220786,160,2856,4780,396,520,1664,12,264,396,4
n32_m4_sparse_s1731_iterative_fused,32,4,sparse,1731,iterative_fused,128,0.1796875,396,5acd01a913062a9d7a8a0867c446747729c88c4705202cef5d2bf9c7ac220786,160,2600,4524,396,520,1408,12,264,396,4
n32_m4_sparse_s1731_parallel_fused,32,4,sparse,1731,parallel_fused,128,0.1796875,396,5acd01a913062a9d7a8a0867c446747729c88c4705202cef5d2bf9c7ac220786,160,1576,3500,396,520,384,12,264,396,4
n32_m4_small_s1729_software,32,4,small,1729,software,128,0.9453125,10512,9c761fd046c394968bf36d91f094ddee8aec415fafd07ee07cad6cd3f745f859,160,23421,25345,7807,8668,0,0,6946,7807,4
n32_m4_small_s1729_iterative_staged,32,4,small,1729,iterative_staged,128,0.9453125,396,5acd01a913062a9d7a8a0867c446747729c88c4705202cef5d2bf9c7ac220786,160,2856,4780,396,520,1664,12,264,396,4
n32_m4_small_s1729_iterative_fused,32,4,small,1729,iterative_fused,128,0.9453125,396,5acd01a913062a9d7a8a0867c446747729c88c4705202cef5d2bf9c7ac220786,160,2600,4524,396,520,1408,12,264,396,4
n32_m4_small_s1729_parallel_fused,32,4,small,1729,parallel_fused,128,0.9453125,396,5acd01a913062a9d7a8a0867c446747729c88c4705202cef5d2bf9c7ac220786,160,1576,3500,396,520,384,12,264,396,4
n32_m4_small_s1730_software,32,4,small,1730,software,128,0.953125,10512,9c761fd046c394968bf36d91f094ddee8aec415fafd07ee07cad6cd3f745f859,160,24306,26230,8102,9088,0,0,7116,8102,4
n32_m4_small_s1730_iterative_staged,32,4,small,1730,iterative_staged,128,0.953125,396,5acd01a913062a9d7a8a0867c446747729c88c4705202cef5d2bf9c7ac220786,160,2856,4780,396,520,1664,12,264,396,4
n32_m4_small_s1730_iterative_fused,32,4,small,1730,iterative_fused,128,0.953125,396,5acd01a913062a9d7a8a0867c446747729c88c4705202cef5d2bf9c7ac220786,160,2600,4524,396,520,1408,12,264,396,4
n32_m4_small_s1730_parallel_fused,32,4,small,1730,parallel_fused,128,0.953125,396,5acd01a913062a9d7a8a0867c446747729c88c4705202cef5d2bf9c7ac220786,160,1576,3500,396,520,384,12,264,396,4
n32_m4_small_s1731_software,32,4,small,1731,software,128,0.953125,10512,9c761fd046c394968bf36d91f094ddee8aec415fafd07ee07cad6cd3f745f859,160,24498,26422,8166,9184,0,0,7148,8166,4
n32_m4_small_s1731_iterative_staged,32,4,small,1731,iterative_staged,128,0.953125,396,5acd01a913062a9d7a8a0867c446747729c88c4705202cef5d2bf9c7ac220786,160,2856,4780,396,520,1664,12,264,396,4
n32_m4_small_s1731_iterative_fused,32,4,small,1731,iterative_fused,128,0.953125,396,5acd01a913062a9d7a8a0867c446747729c88c4705202cef5d2bf9c7ac220786,160,2600,4524,396,520,1408,12,264,396,4
n32_m4_small_s1731_parallel_fused,32,4,small,1731,parallel_fused,128,0.953125,396,5acd01a913062a9d7a8a0867c446747729c88c4705202cef5d2bf9c7ac220786,160,1576,3500,396,520,384,12,264,396,4
n32_m4_full_s1729_software,32,4,full,1729,software,128,0.984375,10512,9c761fd046c394968bf36d91f094ddee8aec415fafd07ee07cad6cd3f745f859,160,24990,26914,8330,9340,0,0,7320,8330,4
n32_m4_full_s1729_iterative_staged,32,4,full,1729,iterative_staged,128,0.984375,396,5acd01a913062a9d7a8a0867c446747729c88c4705202cef5d2bf9c7ac220786,160,2856,4780,396,520,1664,12,264,396,4
n32_m4_full_s1729_iterative_fused,32,4,full,1729,iterative_fused,128,0.984375,396,5acd01a913062a9d7a8a0867c446747729c88c4705202cef5d2bf9c7ac220786,160,2600,4524,396,520,1408,12,264,396,4
n32_m4_full_s1729_parallel_fused,32,4,full,1729,parallel_fused,128,0.984375,396,5acd01a913062a9d7a8a0867c446747729c88c4705202cef5d2bf9c7ac220786,160,1576,3500,396,520,384,12,264,396,4
n32_m4_full_s1730_software,32,4,full,1730,software,128,1.0,10512,9c761fd046c394968bf36d91f094ddee8aec415fafd07ee07cad6cd3f745f859,160,25152,27076,8384,9376,0,0,7392,8384,4
n32_m4_full_s1730_iterative_staged,32,4,full,1730,iterative_staged,128,1.0,396,5acd01a913062a9d7a8a0867c446747729c88c4705202cef5d2bf9c7ac220786,160,2856,4780,396,520,1664,12,264,396,4
n32_m4_full_s1730_iterative_fused,32,4,full,1730,iterative_fused,128,1.0,396,5acd01a913062a9d7a8a0867c446747729c88c4705202cef5d2bf9c7ac220786,160,2600,4524,396,520,1408,12,264,396,4
n32_m4_full_s1730_parallel_fused,32,4,full,1730,parallel_fused,128,1.0,396,5acd01a913062a9d7a8a0867c446747729c88c4705202cef5d2bf9c7ac220786,160,1576,3500,396,520,384,12,264,396,4
n32_m4_full_s1731_software,32,4,full,1731,software,128,0.9921875,10512,9c761fd046c394968bf36d91f094ddee8aec415fafd07ee07cad6cd3f745f859,160,25263,27187,8421,9454,0,0,7388,8421,4
n32_m4_full_s1731_iterative_staged,32,4,full,1731,iterative_staged,128,0.9921875,396,5acd01a913062a9d7a8a0867c446747729c88c4705202cef5d2bf9c7ac220786,160,2856,4780,396,520,1664,12,264,396,4
n32_m4_full_s1731_iterative_fused,32,4,full,1731,iterative_fused,128,0.9921875,396,5acd01a913062a9d7a8a0867c446747729c88c4705202cef5d2bf9c7ac220786,160,2600,4524,396,520,1408,12,264,396,4
n32_m4_full_s1731_parallel_fused,32,4,full,1731,parallel_fused,128,0.9921875,396,5acd01a913062a9d7a8a0867c446747729c88c4705202cef5d2bf9c7ac220786,160,1576,3500,396,520,384,12,264,396,4
n32_m4_extrema_s1729_software,32,4,extrema,1729,software,128,1.0,10512,9c761fd046c394968bf36d91f094ddee8aec415fafd07ee07cad6cd3f745f859,160,25392,27316,8464,9496,0,0,7432,8464,4
n32_m4_extrema_s1729_iterative_staged,32,4,extrema,1729,iterative_staged,128,1.0,396,5acd01a913062a9d7a8a0867c446747729c88c4705202cef5d2bf9c7ac220786,160,2856,4780,396,520,1664,12,264,396,4
n32_m4_extrema_s1729_iterative_fused,32,4,extrema,1729,iterative_fused,128,1.0,396,5acd01a913062a9d7a8a0867c446747729c88c4705202cef5d2bf9c7ac220786,160,2600,4524,396,520,1408,12,264,396,4
n32_m4_extrema_s1729_parallel_fused,32,4,extrema,1729,parallel_fused,128,1.0,396,5acd01a913062a9d7a8a0867c446747729c88c4705202cef5d2bf9c7ac220786,160,1576,3500,396,520,384,12,264,396,4
n64_m1_density_0_s1729_software,64,1,density_0,1729,software,64,0.0,5252,6f573cce9b1f21d77cbd804364747b3a47228efc8f6e5775787b80da464d6ff3,128,588,2128,196,134,0,0,258,196,1
n64_m1_density_0_s1729_iterative_staged,64,1,density_0,1729,iterative_staged,64,0.0,195,30986fdf265f73afc774fc0eb606de4b949e170ff3852f6d9a485a6dfe120680,128,1418,2958,195,258,832,3,130,195,1
n64_m1_density_0_s1729_iterative_fused,64,1,density_0,1729,iterative_fused,64,0.0,195,30986fdf265f73afc774fc0eb606de4b949e170ff3852f6d9a485a6dfe120680,128,1290,2830,195,258,704,3,130,195,1
n64_m1_density_0_s1729_parallel_fused,64,1,density_0,1729,parallel_fused,64,0.0,195,30986fdf265f73afc774fc0eb606de4b949e170ff3852f6d9a485a6dfe120680,128,778,2318,195,258,192,3,130,195,1
n64_m1_density_0_s1730_software,64,1,density_0,1730,software,64,0.0,5252,6f573cce9b1f21d77cbd804364747b3a47228efc8f6e5775787b80da464d6ff3,128,588,2128,196,134,0,0,258,196,1
n64_m1_density_0_s1730_iterative_staged,64,1,density_0,1730,iterative_staged,64,0.0,195,30986fdf265f73afc774fc0eb606de4b949e170ff3852f6d9a485a6dfe120680,128,1418,2958,195,258,832,3,130,195,1
n64_m1_density_0_s1730_iterative_fused,64,1,density_0,1730,iterative_fused,64,0.0,195,30986fdf265f73afc774fc0eb606de4b949e170ff3852f6d9a485a6dfe120680,128,1290,2830,195,258,704,3,130,195,1
n64_m1_density_0_s1730_parallel_fused,64,1,density_0,1730,parallel_fused,64,0.0,195,30986fdf265f73afc774fc0eb606de4b949e170ff3852f6d9a485a6dfe120680,128,778,2318,195,258,192,3,130,195,1
n64_m1_density_0_s1731_software,64,1,density_0,1731,software,64,0.0,5252,6f573cce9b1f21d77cbd804364747b3a47228efc8f6e5775787b80da464d6ff3,128,588,2128,196,134,0,0,258,196,1
n64_m1_density_0_s1731_iterative_staged,64,1,density_0,1731,iterative_staged,64,0.0,195,30986fdf265f73afc774fc0eb606de4b949e170ff3852f6d9a485a6dfe120680,128,1418,2958,195,258,832,3,130,195,1
n64_m1_density_0_s1731_iterative_fused,64,1,density_0,1731,iterative_fused,64,0.0,195,30986fdf265f73afc774fc0eb606de4b949e170ff3852f6d9a485a6dfe120680,128,1290,2830,195,258,704,3,130,195,1
n64_m1_density_0_s1731_parallel_fused,64,1,density_0,1731,parallel_fused,64,0.0,195,30986fdf265f73afc774fc0eb606de4b949e170ff3852f6d9a485a6dfe120680,128,778,2318,195,258,192,3,130,195,1
n64_m1_density_0.01_s1729_software,64,1,density_0.01,1729,software,64,0.046875,5252,6f573cce9b1f21d77cbd804364747b3a47228efc8f6e5775787b80da464d6ff3,128,1143,2683,381,344,0,0,418,381,1
n64_m1_density_0.01_s1729_iterative_staged,64,1,density_0.01,1729,iterative_staged,64,0.046875,195,30986fdf265f73afc774fc0eb606de4b949e170ff3852f6d9a485a6dfe120680,128,1418,2958,195,258,832,3,130,195,1
n64_m1_density_0.01_s1729_iterative_fused,64,1,density_0.01,1729,iterative_fused,64,0.046875,195,30986fdf265f73afc774fc0eb606de4b949e170ff3852f6d9a485a6dfe120680,128,1290,2830,195,258,704,3,130,195,1
n64_m1_density_0.01_s1729_parallel_fused,64,1,density_0.01,1729,parallel_fused,64,0.046875,195,30986fdf265f73afc774fc0eb606de4b949e170ff3852f6d9a485a6dfe120680,128,778,2318,195,258,192,3,130,195,1
n64_m1_density_0.01_s1730_software,64,1,density_0.01,1730,software,64,0.046875,5252,6f573cce9b1f21d77cbd804364747b3a47228efc8f6e5775787b80da464d6ff3,128,1167,2707,389,356,0,0,422,389,1
n64_m1_density_0.01_s1730_iterative_staged,64,1,density_0.01,1730,iterative_staged,64,0.046875,195,30986fdf265f73afc774fc0eb606de4b949e170ff3852f6d9a485a6dfe120680,128,1418,2958,195,258,832,3,130,195,1
n64_m1_density_0.01_s1730_iterative_fused,64,1,density_0.01,1730,iterative_fused,64,0.046875,195,30986fdf265f73afc774fc0eb606de4b949e170ff3852f6d9a485a6dfe120680,128,1290,2830,195,258,704,3,130,195,1
n64_m1_density_0.01_s1730_parallel_fused,64,1,density_0.01,1730,parallel_fused,64,0.046875,195,30986fdf265f73afc774fc0eb606de4b949e170ff3852f6d9a485a6dfe120680,128,778,2318,195,258,192,3,130,195,1
n64_m1_density_0.01_s1731_software,64,1,density_0.01,1731,software,64,0.0,5252,6f573cce9b1f21d77cbd804364747b3a47228efc8f6e5775787b80da464d6ff3,128,588,2128,196,134,0,0,258,196,1
n64_m1_density_0.01_s1731_iterative_staged,64,1,density_0.01,1731,iterative_staged,64,0.0,195,30986fdf265f73afc774fc0eb606de4b949e170ff3852f6d9a485a6dfe120680,128,1418,2958,195,258,832,3,130,195,1
n64_m1_density_0.01_s1731_iterative_fused,64,1,density_0.01,1731,iterative_fused,64,0.0,195,30986fdf265f73afc774fc0eb606de4b949e170ff3852f6d9a485a6dfe120680,128,1290,2830,195,258,704,3,130,195,1
n64_m1_density_0.01_s1731_parallel_fused,64,1,density_0.01,1731,parallel_fused,64,0.0,195,30986fdf265f73afc774fc0eb606de4b949e170ff3852f6d9a485a6dfe120680,128,778,2318,195,258,192,3,130,195,1
n64_m1_density_0.02_s1729_software,64,1,density_0.02,1729,software,64,0.0625,5252,6f573cce9b1f21d77cbd804364747b3a47228efc8f6e5775787b80da464d6ff3,128,1308,2848,436,404,0,0,468,436,1
n64_m1_density_0.02_s1729_iterative_staged,64,1,density_0.02,1729,iterative_staged,64,0.0625,195,30986fdf265f73afc774fc0eb606de4b949e170ff3852f6d9a485a6dfe120680,128,1418,2958,195,258,832,3,130,195,1
n64_m1_density_0.02_s1729_iterative_fused,64,1,density_0.02,1729,iterative_fused,64,0.0625,195,30986fdf265f73afc774fc0eb606de4b949e170ff3852f6d9a485a6dfe120680,128,1290,2830,195,258,704,3,130,195,1
n64_m1_density_0.02_s1729_parallel_fused,64,1,density_0.02,1729,parallel_fused,64,0.0625,195,30986fdf265f73afc774fc0eb606de4b949e170ff3852f6d9a485a6dfe120680,128,778,2318,195,258,192,3,130,195,1
n64_m1_density_0.02_s1730_software,64,1,density_0.02,1730,software,64,0.046875,5252,6f573cce9b1f21d77cbd804364747b3a47228efc8f6e5775787b80da464d6ff3,128,1167,2707,389,356,0,0,422,389,1
n64_m1_density_0.02_s1730_iterative_staged,64,1,density_0.02,1730,iterative_staged,64,0.046875,195,30986fdf265f73afc774fc0eb606de4b949e170ff3852f6d9a485a6dfe120680,128,1418,2958,195,258,832,3,130,195,1
n64_m1_density_0.02_s1730_iterative_fused,64,1,density_0.02,1730,iterative_fused,64,0.046875,195,30986fdf265f73afc774fc0eb606de4b949e170ff3852f6d9a485a6dfe120680,128,1290,2830,195,258,704,3,130,195,1
n64_m1_density_0.02_s1730_parallel_fused,64,1,density_0.02,1730,parallel_fused,64,0.046875,195,30986fdf265f73afc774fc0eb606de4b949e170ff3852f6d9a485a6dfe120680,128,778,2318,195,258,192,3,130,195,1
n64_m1_density_0.02_s1731_software,64,1,density_0.02,1731,software,64,0.0,5252,6f573cce9b1f21d77cbd804364747b3a47228efc8f6e5775787b80da464d6ff3,128,588,2128,196,134,0,0,258,196,1
n64_m1_density_0.02_s1731_iterative_staged,64,1,density_0.02,1731,iterative_staged,64,0.0,195,30986fdf265f73afc774fc0eb606de4b949e170ff3852f6d9a485a6dfe120680,128,1418,2958,195,258,832,3,130,195,1
n64_m1_density_0.02_s1731_iterative_fused,64,1,density_0.02,1731,iterative_fused,64,0.0,195,30986fdf265f73afc774fc0eb606de4b949e170ff3852f6d9a485a6dfe120680,128,1290,2830,195,258,704,3,130,195,1
n64_m1_density_0.02_s1731_parallel_fused,64,1,density_0.02,1731,parallel_fused,64,0.0,195,30986fdf265f73afc774fc0eb606de4b949e170ff3852f6d9a485a6dfe120680,128,778,2318,195,258,192,3,130,195,1
n64_m1_density_0.05_s1729_software,64,1,density_0.05,1729,software,64,0.125,5252,6f573cce9b1f21d77cbd804364747b3a47228efc8f6e5775787b80da464d6ff3,128,2064,3604,688,692,0,0,684,688,1
n64_m1_density_0.05_s1729_iterative_staged,64,1,density_0.05,1729,iterative_staged,64,0.125,195,30986fdf265f73afc774fc0eb606de4b949e170ff3852f6d9a485a6dfe120680,128,1418,2958,195,258,832,3,130,195,1
n64_m1_density_0.05_s1729_iterative_fused,64,1,density_0.05,1729,iterative_fused,64,0.125,195,30986fdf265f73afc774fc0eb606de4b949e170ff3852f6d9a485a6dfe120680,128,1290,2830,195,258,704,3,130,195,1
n64_m1_density_0.05_s1729_parallel_fused,64,1,density_0.05,1729,parallel_fused,64,0.125,195,30986fdf265f73afc774fc0eb606de4b949e170ff3852f6d9a485a6dfe120680,128,778,2318,195,258,192,3,130,195,1
n64_m1_density_0.05_s1730_software,64,1,density_0.05,1730,software,64,0.046875,5252,6f573cce9b1f21d77cbd804364747b3a47228efc8f6e5775787b80da464d6ff3,128,1155,2695,385,350,0,0,420,385,1
n64_m1_density_0.05_s1730_iterative_staged,64,1,density_0.05,1730,iterative_staged,64,0.046875,195,30986fdf265f73afc774fc0eb606de4b949e170ff3852f6d9a485a6dfe120680,128,1418,2958,195,258,832,3,130,195,1
n64_m1_density_0.05_s1730_iterative_fused,64,1,density_0.05,1730,iterative_fused,64,0.046875,195,30986fdf265f73afc774fc0eb606de4b949e170ff3852f6d9a485a6dfe120680,128,1290,2830,195,258,704,3,130,195,1
n64_m1_density_0.05_s1730_parallel_fused,64,1,density_0.05,1730,parallel_fused,64,0.046875,195,30986fdf265f73afc774fc0eb606de4b949e170ff3852f6d9a485a6dfe120680,128,778,2318,195,258,192,3,130,195,1
n64_m1_density_0.05_s1731_software,64,1,density_0.05,1731,software,64,0.0625,5252,6f573cce9b1f21d77cbd804364747b3a47228efc8f6e5775787b80da464d6ff3,128,1308,2848,436,404,0,0,468,436,1
n64_m1_density_0.05_s1731_iterative_staged,64,1,density_0.05,1731,iterative_staged,64,0.0625,195,30986fdf265f73afc774fc0eb606de4b949e170ff3852f6d9a485a6dfe120680,128,1418,2958,195,258,832,3,130,195,1
n64_m1_density_0.05_s1731_iterative_fused,64,1,density_0.05,1731,iterative_fused,64,0.0625,195,30986fdf265f73afc774fc0eb606de4b949e170ff3852f6d9a485a6dfe120680,128,1290,2830,195,258,704,3,130,195,1
n64_m1_density_0.05_s1731_parallel_fused,64,1,density_0.05,1731,parallel_fused,64,0.0625,195,30986fdf265f73afc774fc0eb606de4b949e170ff3852f6d9a485a6dfe120680,128,778,2318,195,258,192,3,130,195,1
n64_m1_density_0.1_s1729_software,64,1,density_0.1,1729,software,64,0.15625,5252,6f573cce9b1f21d77cbd804364747b3a47228efc8f6e5775787b80da464d6ff3,128,2502,4042,834,866,0,0,802,834,1
n64_m1_density_0.1_s1729_iterative_staged,64,1,density_0.1,1729,iterative_staged,64,0.15625,195,30986fdf265f73afc774fc0eb606de4b949e170ff3852f6d9a485a6dfe120680,128,1418,2958,195,258,832,3,130,195,1
n64_m1_density_0.1_s1729_iterative_fused,64,1,density_0.1,1729,iterative_fused,64,0.15625,195,30986fdf265f73afc774fc0eb606de4b949e170ff3852f6d9a485a6dfe120680,128,1290,2830,195,258,704,3,130,195,1
n64_m1_density_0.1_s1729_parallel_fused,64,1,density_0.1,1729,parallel_fused,64,0.15625,195,30986fdf265f73afc774fc0eb606de4b949e170ff3852f6d9a485a6dfe120680,128,778,2318,195,258,192,3,130,195,1
n64_m1_density_0.1_s1730_software,64,1,density_0.1,1730,software,64,0.09375,5252,6f573cce9b1f21d77cbd804364747b3a47228efc8f6e5775787b80da464d6ff3,128,1746,3286,582,578,0,0,586,582,1
n64_m1_density_0.1_s1730_iterative_staged,64,1,density_0.1,1730,iterative_staged,64,0.09375,195,30986fdf265f73afc774fc0eb606de4b949e170ff3852f6d9a485a6dfe120680,128,1418,2958,195,258,832,3,130,195,1
n64_m1_density_0.1_s1730_iterative_fused,64,1,density_0.1,1730,iterative_fused,64,0.09375,195,30986fdf265f73afc774fc0eb606de4b949e170ff3852f6d9a485a6dfe120680,128,1290,2830,195,258,704,3,130,195,1
n64_m1_density_0.1_s1730_parallel_fused,64,1,density_0.1,1730,parallel_fused,64,0.09375,195,30986fdf265f73afc774fc0eb606de4b949e170ff3852f6d9a485a6dfe120680,128,778,2318,195,258,192,3,130,195,1
n64_m1_density_0.1_s1731_software,64,1,density_0.1,1731,software,64,0.15625,5252,6f573cce9b1f21d77cbd804364747b3a47228efc8f6e5775787b80da464d6ff3,128,2430,3970,810,830,0,0,790,810,1
n64_m1_density_0.1_s1731_iterative_staged,64,1,density_0.1,1731,iterative_staged,64,0.15625,195,30986fdf265f73afc774fc0eb606de4b949e170ff3852f6d9a485a6dfe120680,128,1418,2958,195,258,832,3,130,195,1
n64_m1_density_0.1_s1731_iterative_fused,64,1,density_0.1,1731,iterative_fused,64,0.15625,195,30986fdf265f73afc774fc0eb606de4b949e170ff3852f6d9a485a6dfe120680,128,1290,2830,195,258,704,3,130,195,1
n64_m1_density_0.1_s1731_parallel_fused,64,1,density_0.1,1731,parallel_fused,64,0.15625,195,30986fdf265f73afc774fc0eb606de4b949e170ff3852f6d9a485a6dfe120680,128,778,2318,195,258,192,3,130,195,1
n64_m1_density_0.2_s1729_software,64,1,density_0.2,1729,software,64,0.25,5252,6f573cce9b1f21d77cbd804364747b3a47228efc8f6e5775787b80da464d6ff3,128,3600,5140,1200,1280,0,0,1120,1200,1
n64_m1_density_0.2_s1729_iterative_staged,64,1,density_0.2,1729,iterative_staged,64,0.25,195,30986fdf265f73afc774fc0eb606de4b949e170ff3852f6d9a485a6dfe120680,128,1418,2958,195,258,832,3,130,195,1
n64_m1_density_0.2_s1729_iterative_fused,64,1,density_0.2,1729,iterative_fused,64,0.25,195,30986fdf265f73afc774fc0eb606de4b949e170ff3852f6d9a485a6dfe120680,128,1290,2830,195,258,704,3,130,195,1
n64_m1_density_0.2_s1729_parallel_fused,64,1,density_0.2,1729,parallel_fused,64,0.25,195,30986fdf265f73afc774fc0eb606de4b949e170ff3852f6d9a485a6dfe120680,128,778,2318,195,258,192,3,130,195,1
n64_m1_density_0.2_s1730_software,64,1,density_0.2,1730,software,64,0.21875,5252,6f573cce9b1f21d77cbd804364747b3a47228efc8f6e5775787b80da464d6ff3,128,3258,4798,1086,1154,0,0,1018,1086,1
n64_m1_density_0.2_s1730_iterative_staged,64,1,density_0.2,1730,iterative_staged,64,0.21875,195,30986fdf265f73afc774fc0eb606de4b949e170ff3852f6d9a485a6dfe120680,128,1418,2958,195,258,832,3,130,195,1
n64_m1_density_0.2_s1730_iterative_fused,64,1,density_0.2,1730,iterative_fused,64,0.21875,195,30986fdf265f73afc774fc0eb606de4b949e170ff3852f6d9a485a6dfe120680,128,1290,2830,195,258,704,3,130,195,1
n64_m1_density_0.2_s1730_parallel_fused,64,1,density_0.2,1730,parallel_fused,64,0.21875,195,30986fdf265f73afc774fc0eb606de4b949e170ff3852f6d9a485a6dfe120680,128,778,2318,195,258,192,3,130,195,1
n64_m1_density_0.2_s1731_software,64,1,density_0.2,1731,software,64,0.25,5252,6f573cce9b1f21d77cbd804364747b3a47228efc8f6e5775787b80da464d6ff3,128,3588,5128,1196,1274,0,0,1118,1196,1
n64_m1_density_0.2_s1731_iterative_staged,64,1,density_0.2,1731,iterative_staged,64,0.25,195,30986fdf265f73afc774fc0eb606de4b949e170ff3852f6d9a485a6dfe120680,128,1418,2958,195,258,832,3,130,195,1
n64_m1_density_0.2_s1731_iterative_fused,64,1,density_0.2,1731,iterative_fused,64,0.25,195,30986fdf265f73afc774fc0eb606de4b949e170ff3852f6d9a485a6dfe120680,128,1290,2830,195,258,704,3,130,195,1
n64_m1_density_0.2_s1731_parallel_fused,64,1,density_0.2,1731,parallel_fused,64,0.25,195,30986fdf265f73afc774fc0eb606de4b949e170ff3852f6d9a485a6dfe120680,128,778,2318,195,258,192,3,130,195,1
n64_m1_density_0.4_s1729_software,64,1,density_0.4,1729,software,64,0.453125,5252,6f573cce9b1f21d77cbd804364747b3a47228efc8f6e5775787b80da464d6ff3,128,5961,7501,1987,2168,0,0,1806,1987,1
n64_m1_density_0.4_s1729_iterative_staged,64,1,density_0.4,1729,iterative_staged,64,0.453125,195,30986fdf265f73afc774fc0eb606de4b949e170ff3852f6d9a485a6dfe120680,128,1418,2958,195,258,832,3,130,195,1
n64_m1_density_0.4_s1729_iterative_fused,64,1,density_0.4,1729,iterative_fused,64,0.453125,195,30986fdf265f73afc774fc0eb606de4b949e170ff3852f6d9a485a6dfe120680,128,1290,2830,195,258,704,3,130,195,1
n64_m1_density_0.4_s1729_parallel_fused,64,1,density_0.4,1729,parallel_fused,64,0.453125,195,30986fdf265f73afc774fc0eb606de4b949e170ff3852f6d9a485a6dfe120680,128,778,2318,195,258,192,3,130,195,1
n64_m1_density_0.4_s1730_software,64,1,density_0.4,1730,software,64,0.46875,5252,6f573cce9b1f21d77cbd804364747b3a47228efc8f6e5775787b80da464d6ff3,128,6402,7942,2134,2366,0,0,1902,2134,1
n64_m1_density_0.4_s1730_iterative_staged,64,1,density_0.4,1730,iterative_staged,64,0.46875,195,30986fdf265f73afc774fc0eb606de4b949e170ff3852f6d9a485a6dfe120680,128,1418,2958,195,258,832,3,130,195,1
n64_m1_density_0.4_s1730_iterative_fused,64,1,density_0.4,1730,iterative_fused,64,0.46875,195,30986fdf265f73afc774fc0eb606de4b949e170ff3852f6d9a485a6dfe120680,128,1290,2830,195,258,704,3,130,195,1
n64_m1_density_0.4_s1730_parallel_fused,64,1,density_0.4,1730,parallel_fused,64,0.46875,195,30986fdf265f73afc774fc0eb606de4b949e170ff3852f6d9a485a6dfe120680,128,778,2318,195,258,192,3,130,195,1
n64_m1_density_0.4_s1731_software,64,1,density_0.4,1731,software,64,0.4375,5252,6f573cce9b1f21d77cbd804364747b3a47228efc8f6e5775787b80da464d6ff3,128,5772,7312,1924,2096,0,0,1752,1924,1
n64_m1_density_0.4_s1731_iterative_staged,64,1,density_0.4,1731,iterative_staged,64,0.4375,195,30986fdf265f73afc774fc0eb606de4b949e170ff3852f6d9a485a6dfe120680,128,1418,2958,195,258,832,3,130,195,1
n64_m1_density_0.4_s1731_iterative_fused,64,1,density_0.4,1731,iterative_fused,64,0.4375,195,30986fdf265f73afc774fc0eb606de4b949e170ff3852f6d9a485a6dfe120680,128,1290,2830,195,258,704,3,130,195,1
n64_m1_density_0.4_s1731_parallel_fused,64,1,density_0.4,1731,parallel_fused,64,0.4375,195,30986fdf265f73afc774fc0eb606de4b949e170ff3852f6d9a485a6dfe120680,128,778,2318,195,258,192,3,130,195,1
n64_m1_density_0.7_s1729_software,64,1,density_0.7,1729,software,64,0.703125,5252,6f573cce9b1f21d77cbd804364747b3a47228efc8f6e5775787b80da464d6ff3,128,9057,10597,3019,3356,0,0,2682,3019,1
n64_m1_density_0.7_s1729_iterative_staged,64,1,density_0.7,1729,iterative_staged,64,0.703125,195,30986fdf265f73afc774fc0eb606de4b949e170ff3852f6d9a485a6dfe120680,128,1418,2958,195,258,832,3,130,195,1
n64_m1_density_0.7_s1729_iterative_fused,64,1,density_0.7,1729,iterative_fused,64,0.703125,195,30986fdf265f73afc774fc0eb606de4b949e170ff3852f6d9a485a6dfe120680,128,1290,2830,195,258,704,3,130,195,1
n64_m1_density_0.7_s1729_parallel_fused,64,1,density_0.7,1729,parallel_fused,64,0.703125,195,30986fdf265f73afc774fc0eb606de4b949e170ff3852f6d9a485a6dfe120680,128,778,2318,195,258,192,3,130,195,1
n64_m1_density_0.7_s1730_software,64,1,density_0.7,1730,software,64,0.703125,5252,6f573cce9b1f21d77cbd804364747b3a47228efc8f6e5775787b80da464d6ff3,128,9237,10777,3079,3446,0,0,2712,3079,1
n64_m1_density_0.7_s1730_iterative_staged,64,1,density_0.7,1730,iterative_staged,64,0.703125,195,30986fdf265f73afc774fc0eb606de4b949e170ff3852f6d9a485a6dfe120680,128,1418,2958,195,258,832,3,130,195,1
n64_m1_density_0.7_s1730_iterative_fused,64,1,density_0.7,1730,iterative_fused,64,0.703125,195,30986fdf265f73afc774fc0eb606de4b949e170ff3852f6d9a485a6dfe120680,128,1290,2830,195,258,704,3,130,195,1
n64_m1_density_0.7_s1730_parallel_fused,64,1,density_0.7,1730,parallel_fused,64,0.703125,195,30986fdf265f73afc774fc0eb606de4b949e170ff3852f6d9a485a6dfe120680,128,778,2318,195,258,192,3,130,195,1
n64_m1_density_0.7_s1731_software,64,1,density_0.7,1731,software,64,0.6875,5252,6f573cce9b1f21d77cbd804364747b3a47228efc8f6e5775787b80da464d6ff3,128,8760,10300,2920,3230,0,0,2610,2920,1
n64_m1_density_0.7_s1731_iterative_staged,64,1,density_0.7,1731,iterative_staged,64,0.6875,195,30986fdf265f73afc774fc0eb606de4b949e170ff3852f6d9a485a6dfe120680,128,1418,2958,195,258,832,3,130,195,1
n64_m1_density_0.7_s1731_iterative_fused,64,1,density_0.7,1731,iterative_fused,64,0.6875,195,30986fdf265f73afc774fc0eb606de4b949e170ff3852f6d9a485a6dfe120680,128,1290,2830,195,258,704,3,130,195,1
n64_m1_density_0.7_s1731_parallel_fused,64,1,density_0.7,1731,parallel_fused,64,0.6875,195,30986fdf265f73afc774fc0eb606de4b949e170ff3852f6d9a485a6dfe120680,128,778,2318,195,258,192,3,130,195,1
n64_m1_density_1_s1729_software,64,1,density_1,1729,software,64,1.0,5252,6f573cce9b1f21d77cbd804364747b3a47228efc8f6e5775787b80da464d6ff3,128,12636,14176,4212,4718,0,0,3706,4212,1
n64_m1_density_1_s1729_iterative_staged,64,1,density_1,1729,iterative_staged,64,1.0,195,30986fdf265f73afc774fc0eb606de4b949e170ff3852f6d9a485a6dfe120680,128,1418,2958,195,258,832,3,130,195,1
n64_m1_density_1_s1729_iterative_fused,64,1,density_1,1729,iterative_fused,64,1.0,195,30986fdf265f73afc774fc0eb606de4b949e170ff3852f6d9a485a6dfe120680,128,1290,2830,195,258,704,3,130,195,1
n64_m1_density_1_s1729_parallel_fused,64,1,density_1,1729,parallel_fused,64,1.0,195,30986fdf265f73afc774fc0eb606de4b949e170ff3852f6d9a485a6dfe120680,128,778,2318,195,258,192,3,130,195,1
n64_m1_density_1_s1730_software,64,1,density_1,1730,software,64,1.0,5252,6f573cce9b1f21d77cbd804364747b3a47228efc8f6e5775787b80da464d6ff3,128,12996,14536,4332,4898,0,0,3766,4332,1
n64_m1_density_1_s1730_iterative_staged,64,1,density_1,1730,iterative_staged,64,1.0,195,30986fdf265f73afc774fc0eb606de4b949e170ff3852f6d9a485a6dfe120680,128,1418,2958,195,258,832,3,130,195,1
n64_m1_density_1_s1730_iterative_fused,64,1,density_1,1730,iterative_fused,64,1.0,195,30986fdf265f73afc774fc0eb606de4b949e170ff3852f6d9a485a6dfe120680,128,1290,2830,195,258,704,3,130,195,1
n64_m1_density_1_s1730_parallel_fused,64,1,density_1,1730,parallel_fused,64,1.0,195,30986fdf265f73afc774fc0eb606de4b949e170ff3852f6d9a485a6dfe120680,128,778,2318,195,258,192,3,130,195,1
n64_m1_density_1_s1731_software,64,1,density_1,1731,software,64,1.0,5252,6f573cce9b1f21d77cbd804364747b3a47228efc8f6e5775787b80da464d6ff3,128,12624,14164,4208,4712,0,0,3704,4208,1
n64_m1_density_1_s1731_iterative_staged,64,1,density_1,1731,iterative_staged,64,1.0,195,30986fdf265f73afc774fc0eb606de4b949e170ff3852f6d9a485a6dfe120680,128,1418,2958,195,258,832,3,130,195,1
n64_m1_density_1_s1731_iterative_fused,64,1,density_1,1731,iterative_fused,64,1.0,195,30986fdf265f73afc774fc0eb606de4b949e170ff3852f6d9a485a6dfe120680,128,1290,2830,195,258,704,3,130,195,1
n64_m1_density_1_s1731_parallel_fused,64,1,density_1,1731,parallel_fused,64,1.0,195,30986fdf265f73afc774fc0eb606de4b949e170ff3852f6d9a485a6dfe120680,128,778,2318,195,258,192,3,130,195,1
